pest_key,name,latin_name,also_called,kind,affects_categories,severity,description,signs,consequence,look_alikes,monitoring,prevention,organic_controls,chemical_controls,beneficials,pollinator_risk,treatments
aphid,Aphids,Aphidoidea,Greenfly; blackfly; plant lice,pest,Tomato;Pepper;Eggplant;Cabbage;Broccoli;Cauliflower;Brussels sprouts;Kale;Lettuce;Spinach;Asian greens;Chinese cabbage;Bean;Southern pea;Pea;Cucumber;Squash (summer);Squash (winter);Okra,manageable,"Soft-bodied sap-suckers a millimetre or two long, in colonies on the newest growth and the undersides of leaves. They reproduce without mating and give birth to live young, so a handful in April is hundreds by the end of the month.","Curled, puckered or cupped new leaves. Sticky honeydew on the leaves below, and black sooty mould growing on it. Ants running up and down the stem. White cast skins that look like the aphids themselves.","Rarely kills an established plant, but it stunts seedlings, deforms new growth and makes a leafy crop unsaleable and unpleasant. The real cost is virus: aphids move mosaic and leaf-curl viruses between plants in seconds of probing, and a virus cannot be treated once it is in.",Whiteflies fly up in a cloud when the plant is shaken; aphids do not. Leafhoppers scuttle sideways. Curling from herbicide drift affects the whole plant at once and has no insects on it.,"Turn over the top three leaves of a few plants twice a week from the first warm spell, and again in autumn. Ants climbing a stem are the cheapest sign there is, and they are usually there before you can see an aphid.","Do not overfeed with nitrogen: soft fast growth is exactly what they breed on. Leave a flowering strip or let some coriander and dill bolt, which is what feeds the predators. Reflective mulch keeps them off young plants.","A hard jet of water knocks a colony off and most never climb back; repeat every few days. Insecticidal soap or horticultural oil sprayed on the undersides where they actually are, repeated after a week. Pinch out and bin the worst shoot tips. Deal with the ants, which farm aphids and drive the predators off.","Active ingredients registered for garden use include pyrethrins, azadirachtin from neem, and malathion. Avoid systemic neonicotinoids such as imidacloprid on anything that flowers or that bees visit; the residue is in the pollen for weeks.","Ladybird adults and larvae, lacewing larvae, hoverfly larvae, and parasitic wasps. A papery bronze aphid stuck to a leaf is a parasitised one -- leave it, it is a wasp nursery.",1,"Water jet, insecticidal soap or horticultural oil on the leaf undersides; deal with the ants; leave the ladybirds and the mummies alone."
spider_mite,Spider mites,Tetranychus urticae,Two-spotted mite; red spider mite,pest,Tomato;Pepper;Eggplant;Bean;Southern pea;Cucumber;Squash (summer);Squash (winter);Watermelon;Pumpkin;Strawberry;Okra,serious,"Not insects but mites, less than half a millimetre across. They thrive in hot, dry, dusty weather and a generation takes about a week at 30C, which is why an outbreak seems to arrive overnight in July.",Fine pale stippling on the upper leaf surface that goes bronze or grey. Fine webbing across leaf undersides and shoot tips. Leaves dropping from the bottom of the plant upward. Tap a leaf over white paper: the specks that walk are mites.,Heavy feeding takes away the plant's photosynthesis in exactly the weeks it should be filling fruit. Beans and melons can be killed outright; a tomato usually survives with a much smaller crop and sunscalded fruit where the canopy went.,"Thrips and lace bugs also stipple, but leave no webbing. Ozone injury and magnesium deficiency stipple or bronze without any mites under a hand lens -- always look before spraying.","From the first hot dry spell, check the undersides of lower leaves weekly with a hand lens. Dusty plants at the end of a row or beside a path are where it starts, every time.","Keep plants watered: drought-stressed plants are the ones that get hit. Hose dust off foliage in a dry spell. Avoid broad-spectrum insecticides, which kill the predatory mites and reliably cause the outbreak they were meant to prevent.","Spray water forcefully on the leaf undersides every few days. Horticultural oil or insecticidal soap, thoroughly, twice a week apart, because neither touches the eggs. Release predatory mites under cover. Remove and bag the worst leaves rather than shaking them over the row.","Garden miticides carry active ingredients such as sulfur, or bifenthrin among the synthetics. Pyrethroids are known to flare mite populations by killing their predators, so they are the wrong reach here. Never apply sulfur or oil in heat, and never within two weeks of each other: the combination burns leaves.","Predatory mites (Phytoseiulus, Neoseiulus), minute pirate bugs, sixspotted thrips, and the spider mite destroyer lady beetle.",0,"Water on the undersides; oil or soap twice, a week apart; keep the plants watered; do not reach for a pyrethroid."
whitefly,Whiteflies,Bemisia tabaci; Trialeurodes vaporariorum,Silverleaf whitefly; greenhouse whitefly,pest,Tomato;Pepper;Eggplant;Cucumber;Squash (summer);Squash (winter);Watermelon;Cabbage;Kale;Bean;Basil,serious,Tiny white moth-like sap-suckers that rise in a cloud when a plant is disturbed and settle straight back. The scale-like nymphs on the leaf undersides do most of the feeding and do not move at all.,"A cloud of white specks off the foliage when you brush past. Sticky honeydew and sooty mould. Yellowing and silvering of leaves. On tomato, irregular ripening -- the fruit stays hard and white inside.","A heavy population weakens the plant and coats the crop in mould, but the reason to take it seriously is virus: whiteflies transmit tomato yellow leaf curl and the cucurbit yellowing viruses, and those end the planting.",Whitefly adults look like tiny white moths; a true moth is bigger and does not settle in seconds. The nymphs are easily mistaken for scale insects or for leaf spots until you look under a lens.,Yellow sticky cards at canopy height catch them before the cloud is obvious. Check leaf undersides on transplants BEFORE you plant them: bought-in plants are how most gardens get them.,Inspect nursery plants and reject any with white specks underneath. Row cover on young plants. Remove and bag old infested crops rather than leaving them as a bridge to the next planting. Reflective mulch confuses the incoming adults.,"Vacuum the adults in the cool of the morning when they are sluggish. Insecticidal soap or horticultural oil on the undersides, repeated, since neither reaches the eggs. Yellow sticky traps for the adults. Pull and bag the worst plants -- one heavily infested plant reinfests a whole bed.","Insecticidal soap and horticultural oil are the mainstays; azadirachtin and pyrethrins are also registered. Whiteflies develop resistance quickly, so alternating chemistries matters more here than almost anywhere else. Avoid systemic neonicotinoids on flowering crops.","Encarsia and Eretmocerus parasitic wasps, lacewing larvae, minute pirate bugs, and big-eyed bugs.",1,"Soap or oil on leaf undersides, repeated; sticky traps; bag heavily infested plants; check every transplant before it goes in."
thrips,Thrips,Frankliniella spp.; Thrips tabaci,Western flower thrips; onion thrips,pest,Tomato;Pepper;Onion;Garlic;Bean;Cucumber;Cabbage;Lettuce;Watermelon;Squash (summer),serious,"Slender insects barely a millimetre long that rasp at leaf and petal tissue and drink what runs out. They shelter deep in buds and flowers, which is why a spray so often seems not to have worked.","Silvery streaks and flecks on leaves with tiny black varnish-like specks of frass in them. Deformed, scarred fruit. Onion leaves silvered from the base up. Shake a flower over white paper and watch for slivers that run.","Direct feeding scars fruit and checks onions badly in a dry year. The larger risk is tomato spotted wilt virus, which thrips carry and which has no cure: an infected plant is pulled, not treated.","The silvering resembles spider mite stippling, but there is no webbing and the frass specks are diagnostic. Wind scarring on young fruit looks similar and has no insects behind it.","Blue or yellow sticky cards, plus tapping flowers and onion leaf sheaths over white paper weekly from the first flowers. Populations spike when nearby weeds or grass are cut and the thrips move in.","Control weeds around the bed, but do not mow them off all at once in mid-season. Keep onions well watered. Use spotted-wilt-resistant tomato varieties where the virus is known. Reflective mulch delays arrival on young plants.","Insecticidal soap and spinosad both work but only reach the ones out in the open, so repeat treatments are the rule. Remove and bag spotted-wilt plants the day you find them. Sticky cards reduce a light population and tell you when to act on a heavy one.","Spinosad is the most effective active ingredient available to a garden. It is highly toxic to bees while wet and effectively harmless once dry, so it is applied at dusk and never on open flowers. Pyrethrins are registered; thrips resistance is widespread.","Minute pirate bugs, predatory mites (Amblyseius), lacewing larvae.",1,"Spinosad or insecticidal soap, at dusk and repeated; sticky cards; pull and bag any plant showing spotted wilt."
flea_beetle,Flea beetles,Phyllotreta spp.; Epitrix spp.,,pest,Eggplant;Radish;Turnip;Cabbage;Broccoli;Kale;Asian greens;Chinese cabbage;Tomato;Pepper;Potato;Spinach,serious,"Small dark beetles, two or three millimetres, that jump like fleas when disturbed. They overwinter as adults in leaf litter and hedge bottoms and arrive on the first warm days, which is exactly when seedlings are smallest.","Leaves shot through with round pinholes, heaviest at the edges of a bed and on the youngest leaves. In a bad year a seedling looks like lace.",A mature plant shrugs it off. A seedling does not: flea beetles are one of the few pests that reliably kill a stand of brassicas or eggplant outright in the first fortnight after emergence.,"Slug damage is ragged-edged, not round, and comes with slime. Hail makes bigger, more irregular holes and tears leaf edges.",Look at direct-sown brassicas and eggplant transplants every day for the first two weeks. Yellow sticky cards at soil level catch the first arrivals before the holes appear.,"Floating row cover from the day of sowing, sealed at the edges, is close to complete control and is the answer for direct-sown brassicas. Transplant larger, hardened plants rather than sowing in place where the pressure is known. Delay planting past the first spring flush. Clear leaf litter and weedy edges over winter.","Row cover, and it can stay on brassicas all season because they need no pollinator. Trap crops of a preferred host at the end of the bed. Kaolin clay makes leaves unpalatable. Spinosad and pyrethrins are both registered and both work on a heavy attack.","Spinosad, pyrethrins and carbaryl are registered for garden use against flea beetles. Spinosad is toxic to bees while wet, so it goes on at dusk; carbaryl is highly toxic to bees and should not be used on anything in flower.","Ground beetles, big-eyed bugs, and braconid wasps that parasitise the adults.",1,Row cover from day one is the whole answer for seedlings; kaolin clay or spinosad at dusk when they are already in.
cucumber_beetle,Cucumber beetles,Acalymma vittatum; Diabrotica undecimpunctata,Striped cucumber beetle; spotted cucumber beetle,pest,Cucumber;Squash (summer);Squash (winter);Pumpkin;Watermelon;Melon,fatal,"Yellow beetles about six millimetres long, either with three black stripes or with twelve spots. They feed on leaves, flowers and rinds, and the striped species carries the bacterium that causes bacterial wilt in its gut over winter.","Chewed leaves and ragged flowers on young cucurbits. Beetles inside the flowers in the morning. Scarring on melon and squash rinds. Later, a vine that wilts in the heat and does not recover overnight.","The chewing is survivable. Bacterial wilt is not: an infected cucumber or muskmelon vine dies, there is no treatment, and a handful of beetles feeding on a seedling is enough to do it. This is the pest that ends cucumber crops.","The spotted species is easily mistaken for a ladybird -- count the spots and look at the colour: a ladybird is domed and orange-red, this is flatter and yellow-green.","Check every cucurbit seedling daily from emergence until it is running. Look inside the flowers at first light, which is where they shelter. Any beetle at all on a seedling is worth acting on.","Row cover from sowing until the first female flowers, then off for pollination -- this is the single most effective thing available. Delay planting past the first emergence. Grow butternut and other Cucurbita moschata types, which are far less susceptible to wilt. Yellow sticky traps at the bed edge.",Row cover until flowering. Hand-picking morning and evening while numbers are low. Kaolin clay on the seedlings. Perimeter trap cropping with a preferred squash around the main planting. Pull and bag a wilting vine at once so it is not a reservoir.,"Pyrethrins, spinosad and carbaryl are registered for garden use. All three are hazardous to bees, and cucurbits depend entirely on bees, so any application goes on at dusk when the flowers have closed and never in the morning when they are open and being worked.","Tachinid flies parasitise the adults; soldier beetles, ground beetles and braconid wasps take eggs and larvae.",1,"Row cover to first flower, then hand-pick and use kaolin clay; spray only at dusk, and pull wilting vines the day you see them."
squash_bug,Squash bugs,Anasa tristis,,pest,Squash (summer);Squash (winter);Pumpkin;Cucumber;Watermelon;Melon,serious,"Flat grey-brown true bugs about 15 mm long that suck sap from stems and leaves and inject a toxin as they do it. The nymphs are grey with black legs and cluster in groups; the bronze, football-shaped eggs are laid in neat rows in the V of leaf veins.",Bronze egg clusters on leaf undersides in the angle of the veins. Yellow speckling on leaves that goes brown and crisp. Wilting that starts at one runner. A sharp smell when a bug is crushed.,"A young plant can be killed. An established one loses runners one at a time until the crop stops. They are also the vector of cucurbit yellow vine decline, which kills outright.","Very easily confused with the brown marmorated stink bug -- squash bugs are narrower with a more rectangular body, and they are on cucurbits and almost nothing else.","Check leaf undersides twice a week from the moment the plants run, looking for the egg rows rather than the adults. Lay a board or a shingle flat on the soil beside the plant: the adults gather under it overnight and can be collected at dawn.","Row cover until flowering. Clear and compost old vines promptly -- the adults overwinter in crop debris. Avoid heavy loose mulch right at the crown, which is where they hide. Rotate cucurbits away from last year's ground.","Scrape the egg masses off with a fingernail or lift them with tape; this is genuinely the most effective control and it takes minutes a week. Board traps at dawn. Insecticidal soap on the small grey nymphs, which is the only stage it works on -- an adult's back sheds it.","Pyrethrins, permethrin and carbaryl are registered. All are most effective against nymphs and largely wasted on adults, and all are hazardous to bees on a crop that cannot set fruit without them, so evening applications only.","The tachinid fly Trichopoda pennipes -- a white egg glued to a squash bug's back is that fly, so leave those bugs where they are. Ground beetles take the eggs.",1,Scrape off the egg rows weekly; board traps at dawn; soap on the nymphs only; clear old vines in autumn.
squash_vine_borer,Squash vine borer,Melittia cucurbitae,,pest,Squash (summer);Squash (winter);Pumpkin,fatal,A day-flying clearwing moth that looks like a wasp lays single eggs at the base of squash stems; the larva bores in and eats the stem out from the inside. There is one main generation in the north and often two further south.,"A vine that wilts in the afternoon and recovers, then wilts and does not. Sawdust-like frass, wet and orange, at the stem base or a leaf joint. A ragged hole in the stem. Cut the stem open lengthways and the fat white grub is inside.","The plant dies, usually just as it starts to crop, and no treatment reaches a larva already inside. This is the single most reliable way to lose summer squash and pumpkins east of the Rockies.","Bacterial wilt from cucumber beetles wilts a vine with no frass and no hole. Squash bug damage wilts one runner at a time from the leaf end, not the base.","Timing is the whole game. Adults emerge at roughly 1000 growing degree days on a 50F base accumulated from 1 January, which is late April to early May in central Texas and June further north. Yellow bowls of water catch the adults and tell you the flight has begun.","Row cover from planting until the first female flowers, removed for pollination -- if the flight is over by then, the crop is safe. Sow a second, later planting to grow through the flight. Grow Cucurbita moschata types such as butternut and tromboncino, whose dense solid stems the larvae usually cannot complete development in. Mound soil over leaf joints so the vine roots along its length and survives one severed stem.","Wrap the lower 30 cm of stem in foil or old stocking so the female cannot lay on it. Inject Bacillus thuringiensis kurstaki into the stem base weekly during the flight, before the larva is deep. Surgery works: slit the stem lengthways with a razor, remove the grub, and bury the wounded section so it roots.","Nothing reaches a larva inside a stem, so any spray is aimed at the adult during the flight and at the base of the plant. Registered garden actives include permethrin and carbaryl; both are hazardous to bees, and squash needs bees, so evenings only.",Few. Parasitoids exist but do not hold it below damaging levels in a garden.,1,"Row cover through the flight, moschata varieties, foil at the stem base, Bt injected weekly, and surgery when it is already in."
pickleworm,Pickleworm,Diaphania nitidalis,,pest,Squash (summer);Cucumber;Melon;Pumpkin;Squash (winter),serious,"A moth caterpillar of the warm south-east that bores into cucurbit flowers and then into the fruit. It does not overwinter far north and arrives later each season the further north you are, which is why an early crop escapes it.","A small hole in the fruit with wet green-brown frass pushed out of it. Buds and flowers chewed out. Cut the fruit open and the caterpillar, pale green with dark spots when young, is in the flesh.",The fruit is ruined and the damage is invisible until you pick it. In a bad year on a late planting almost nothing is fit to eat.,"The entry hole is easily mistaken for stink bug feeding, which leaves a pinprick and no frass.","Check flowers and small fruit twice a week from midsummer. The first sign is chewed blossoms, before any fruit is holed.",Plant early and harvest before the population builds -- this is the main control and it is free. Row cover over an autumn planting until flowering. Remove and bin infested fruit rather than composting it. Butternut and other C. moschata types are less preferred.,"Bacillus thuringiensis kurstaki applied to blossoms and small fruit in the evening, repeated weekly through the flight, catches the larvae before they bore in. Pick and destroy holed fruit.","Spinosad and pyrethrins are registered for garden use. Both must reach the larva before it enters the fruit, so timing to the blossom stage matters more than the choice. Both are hazardous to bees while wet -- apply at dusk.",Generalist predators only; nothing reliable once the larva is inside.,1,Plant early; Bt or spinosad on blossoms in the evening through the flight; bin holed fruit.
hornworm,Tomato and tobacco hornworm,Manduca quinquemaculata; Manduca sexta,Hornworm,pest,Tomato;Pepper;Eggplant;Potato;Tomatillo,manageable,"Very large green caterpillars, up to 10 cm, with diagonal stripes and a curved horn at the tail. Two or three eat more foliage in a night than everything else in the bed put together, and they are extraordinarily hard to see.","Whole leaves and even stems stripped, from the top of the plant down. Dark green-black droppings the size of a peppercorn on leaves and soil below -- look for the frass first, then look straight up.","Defoliation of a plant or two, which a healthy tomato recovers from but which exposes the fruit to sunscald. Rarely fatal, always dramatic.","Nothing else is this size. The two species differ in the colour of the horn and the shape of the stripes, and it makes no practical difference.","Walk the tomatoes twice a week looking for frass and stripped stems rather than for the caterpillar. A UV torch after dark makes them glow, and is by far the fastest way to find them.",Rotate away from last year's tomato ground -- they pupate in the soil beneath. Light cultivation after the crop destroys the pupae.,"Hand-picking is the whole answer in a garden: drop them in soapy water, or move them to a wild host if you would rather. Bacillus thuringiensis kurstaki works well on small larvae and not at all on a fully grown one.",Bt is the right tool and is the least disruptive thing on the shelf. Spinosad also works. Broad-spectrum insecticides are a poor trade here: they take the wasps that parasitise the hornworms with them.,Braconid wasps. A hornworm covered in white rice-like cocoons has been parasitised -- leave it exactly where it is; those wasps are the next generation of control.,0,"Hand-pick, using a UV torch after dark; Bt on small larvae; leave any hornworm carrying white cocoons."
cabbage_worm,Imported cabbageworm,Pieris rapae,Cabbage white caterpillar,pest,Cabbage;Broccoli;Cauliflower;Brussels sprouts;Kale;Asian greens;Chinese cabbage;Radish;Turnip,serious,"The velvety green caterpillar of the small white butterfly you see flitting over the brassica bed all summer. It feeds slowly and constantly and hides along the midrib, where it is exactly the colour of the leaf.","Irregular holes chewed in leaves, then into the head. Dark green pellets of frass caught in the leaf axils and in the broccoli head. White butterflies over the bed at midday.","Cosmetic on a big cabbage, ruinous on broccoli and cauliflower where the frass and the caterpillars end up inside the head and cannot be washed out.",Cabbage loopers arch their backs as they walk; these do not. Diamondback moth larvae are much smaller and wriggle violently and drop on a thread when touched.,"Check the growing point and the undersides of the top leaves twice a week from the first white butterfly. Bright yellow eggs, laid singly and standing on end, are the earliest sign.","Insect netting or floating row cover from planting: brassicas need no pollinator, so it can stay on all season and this is close to complete control. Do not plant new brassicas immediately beside a finishing crop.","Row cover. Hand-picking, which is easy once you learn to look along the midrib. Bacillus thuringiensis kurstaki sprayed on the growing point every week or so while butterflies are flying; it is specific to caterpillars and harms nothing else.",Bt kurstaki is the right answer and is what extension programmes recommend first. Spinosad also works and goes on at dusk. Pyrethrins and permethrin are registered but take the parasitic wasps with them.,"Cotesia parasitic wasps, paper wasps -- which hunt caterpillars all day and are worth tolerating near a brassica bed -- and ground beetles.",0,Netting from planting; hand-pick along the midrib; Bt kurstaki weekly while the whites are flying.
cabbage_looper,Cabbage looper,Trichoplusia ni,,pest,Cabbage;Broccoli;Cauliflower;Brussels sprouts;Kale;Lettuce;Spinach;Asian greens;Chinese cabbage;Tomato,manageable,"A pale green caterpillar with a thin white stripe down each side that arches its back into a loop as it walks, having no legs in the middle. It has a much wider host range than the cabbageworm and turns up on lettuce and tomato as well.","Large ragged holes between the veins, often leaving the leaf skeletal. Loose green frass. Caterpillars that loop when they move.","Defoliation and contaminated heads. A late-season problem more often than an early one, and rarely fatal to the plant.",Imported cabbageworm is velvety and does not loop. Beet armyworm is greyer and has a dark spot behind the head.,Same walk as for cabbageworm: growing point and top leaf undersides twice a week. Pale green dome-shaped eggs laid singly.,Row cover on brassicas. Clear crop residue after harvest. Do not overlap successive brassica plantings in adjacent beds.,Row cover and hand-picking. Bacillus thuringiensis kurstaki while the larvae are small; loopers become notably harder to kill once large.,"Bt kurstaki first, spinosad second. Loopers have developed resistance to several older synthetics, which is another reason to start with Bt and rotate.","Trichogramma egg wasps, Copidosoma parasitoids, paper wasps, and a naturally occurring nuclear polyhedrosis virus that collapses heavy populations on its own.",0,Netting; hand-pick; Bt kurstaki while the caterpillars are small.
diamondback_moth,Diamondback moth,Plutella xylostella,,pest,Cabbage;Broccoli;Cauliflower;Brussels sprouts;Kale;Asian greens;Chinese cabbage;Radish;Turnip,manageable,"The smallest of the three brassica caterpillars, under a centimetre, pale green and tapering at both ends. Disturb one and it thrashes wildly and drops on a silk thread, which is the surest way to identify it.","Small windowpane patches where the larva has eaten one leaf surface and left the other, later becoming shot holes. Fine webbing on the growing point.","Minor on a mature plant, serious on transplants and on the growing point of broccoli. It matters mostly because it is the brassica pest most prone to insecticide resistance.",The windowpane feeding is distinctive; both other brassica caterpillars chew right through.,Look at the growing point of young brassicas weekly. The dropping-on-a-thread behaviour identifies it instantly.,"Row cover. Rotate brassica beds. Avoid repeated sprays of the same chemistry, which is precisely how resistant populations arise in this species.","Row cover and Bacillus thuringiensis. Where Bt resistance is suspected locally, spinosad is the alternative -- and alternating between the two is the point, not choosing one.","Bt kurstaki or aizawai, and spinosad. This species has developed resistance to nearly every insecticide class used against it somewhere in the world; rotate actives and never spray on a schedule instead of on a count.","Diadegma and Microplitis parasitic wasps, which do a great deal of unnoticed work and are the first thing a broad-spectrum spray removes.",0,"Row cover; Bt and spinosad, alternated rather than repeated."
cutworm,Cutworms,Agrotis; Peridroma; Nephelodes spp.,,pest,,serious,"Fat, greasy-looking grey or brown caterpillars that curl into a C when touched. They live in the top few centimetres of soil, feed at night, and chew through the stems of young plants at ground level.","A transplant lying cut clean off at soil level, still green. Gaps in a newly emerged row. Dig a few centimetres down within a hand's width of the stump and the caterpillar is usually there.","Whole transplants lost, one a night, until the caterpillar is found. In a bad spring on ground that was in grass last year, a third of a bed.",A rabbit clips a stem at an angle and leaves the top; a cutworm severs it flat and leaves the top lying. Damping-off collapses a seedling without cutting it.,Walk newly transplanted beds every morning for the first fortnight and count the losses. Search the soil beside any cut stem before nightfall.,"A collar around each transplant stem -- a toilet roll tube, a tin can with the ends out, or a strip of card pushed 3 cm into the soil -- is the single most reliable control and Carl records it on the planting. Cultivate a new bed two weeks before planting, especially ground that was in grass or weeds. Keep a clean, weed-free border.","Collars. Hand-searching at dusk with a torch. Bacillus thuringiensis kurstaki drenched on the soil surface at dusk. Diatomaceous earth as a barrier ring, renewed after rain.","Baits containing spinosad or carbaryl are the usual garden option and are applied to the soil surface at dusk, when the larvae come up. Foliar sprays are largely wasted on a pest that is underground by dawn.","Ground beetles, birds, parasitic wasps and tachinid flies.",0,A collar on every transplant; search at dusk; Bt or a spinosad bait on the soil surface in the evening.
armyworm,Armyworms,Spodoptera spp.,Beet armyworm; fall armyworm,pest,Sweet corn;Tomato;Pepper;Lettuce;Spinach;Bean;Cabbage;Onion;Asian greens,serious,"Caterpillars that arrive in numbers rather than singly, marching through a planting and stripping it. Fall armyworm has a pale inverted Y on the head and four dots in a square on the second-to-last segment; beet armyworm has a dark spot above the second true leg.","Ragged skeletonised leaves and a great deal of frass, appearing across a whole bed within a few days. On sweet corn, chewed whorls and damaged ear tips.",A planting can be stripped in under a week. Sweet corn ears are directly damaged and unmarketable.,Corn earworm is usually alone in the ear tip; armyworms are many and are in the whorl and the foliage.,Check the corn whorl and the youngest leaves of everything else twice a week from midsummer. Egg masses come in furry grey clusters on leaf undersides -- crush those and the outbreak does not happen.,"Plant early where the species is a late-season migrant. Keep the bed weed-free, since grassy weeds host the early generations. Destroy egg masses on sight.","Bacillus thuringiensis while larvae are small and still on the leaf surface, which is a narrow window. Hand-pick egg masses and young clusters. Spinosad on a heavier attack, at dusk.","Spinosad and Bt aizawai are the effective garden actives; older synthetics are widely resisted by fall armyworm. Nothing reaches a larva already inside a corn ear, so timing to the whorl stage decides the outcome.","Trichogramma egg wasps, tachinid flies, ground beetles, birds.",1,Crush egg masses; Bt or spinosad while the larvae are small and in the whorl; nothing works once they are in the ear.
corn_earworm,Corn earworm,Helicoverpa zea,Tomato fruitworm; podworm,pest,Sweet corn;Tomato;Pepper;Bean;Southern pea;Okra,serious,"One species with three names, because it eats the ear of corn, the fruit of a tomato and the pod of a bean. Eggs are laid on fresh corn silk; the larva follows the silk down and feeds in the ear tip, and by then it is beyond reach.","Chewed, frass-packed corn ear tips. Round holes in green tomatoes with frass at the entry. Larvae varying from pale green to brown with fine stripes.",Almost every unprotected sweet corn ear carries one in the south. In the ear tip it is a nuisance you cut off; in a tomato or a pepper it ruins the fruit and the rot follows it in.,"In tomatoes the entry hole resembles stink bug feeding, which leaves no frass and no tunnel.","Watch for fresh silk: that is the moment eggs are laid and the only moment anything can be done. On tomatoes, check green fruit weekly from first set.",Plant early so silking is over before the peak flight. Choose sweet corn varieties with tight husk tips. Cultivate after harvest to break up the pupae in the soil.,"A few drops of vegetable oil, sometimes with Bacillus thuringiensis in it, applied to the silk channel a few days after silking, smothers the larva before it enters. A clothes peg or elastic band on the husk tip is a cruder version of the same idea. Bt or spinosad on tomatoes catches the larvae before they bore in.","Spinosad and Bt are the garden actives, and both are applied to fresh silk or to green fruit -- nothing reaches a larva that is already inside. Bt is harmless to bees; spinosad is acutely toxic to them while it is wet and harmless once dry, so it goes on at dusk and never on open tomato or bean flowers. Repeated applications during silking are what commercial growers do and what a garden usually will not.","Trichogramma egg wasps, minute pirate bugs on the silk, lacewings.",1,Oil or Bt on fresh corn silk; Bt or spinosad on green tomatoes; accept the ear tip and cut it off.
colorado_potato_beetle,Colorado potato beetle,Leptinotarsa decemlineata,,pest,Potato;Eggplant;Tomato;Pepper,serious,"A round yellow beetle with ten black stripes and a brick-red humpbacked larva with two rows of black spots. Both stages eat foliage, and the larvae do most of the damage. It is famously quick to develop insecticide resistance.",Yellow-orange egg clusters standing on end under the leaves. Foliage eaten to the stems from the top down. Both beetles and larvae plainly visible.,"Complete defoliation of potatoes and eggplant, and on eggplant it will kill a young plant. Potatoes defoliated before tubers bulk yield almost nothing.",The false potato beetle has one white stripe among the black; the striping pattern is the tell. The larvae are unmistakable.,"Check the undersides of potato and eggplant leaves weekly from emergence for the orange egg clusters, which is the stage worth acting on.",Rotate potatoes and eggplant as far from last year's bed as the garden allows -- the adults walk out of the soil and a long walk stops many. Deep straw mulch makes that walk much harder. Plant early varieties and get them out.,"Hand-picking adults and crushing egg clusters, which in a garden is genuinely sufficient. Straw mulch. Bacillus thuringiensis tenebrionis, which is the strain specific to beetles and not the kurstaki one sold for caterpillars. Spinosad on young larvae.",Bt tenebrionis and spinosad are the effective garden actives. This species has developed resistance to more than fifty insecticides; never spray the same active twice in a season.,"Stink bugs of the genus Podisus, ground beetles, ladybirds eating the eggs.",1,Crush the orange egg clusters and hand-pick; straw mulch; Bt tenebrionis or spinosad on small larvae.
mexican_bean_beetle,Mexican bean beetle,Epilachna varivestis,,pest,Bean;Southern pea,serious,"A ladybird that eats plants rather than aphids: coppery-orange with sixteen black spots, with spiny yellow larvae. Both stages feed on the undersides of bean leaves.",Leaves skeletonised from below into a fine lace while the upper surface stays intact. Yellow egg clusters and spiny yellow grubs underneath.,"Severe defoliation just as pods fill, which cuts the crop sharply. Successive generations get worse through the season.","Looks like a large ladybird, which is exactly the problem: check the colour, which is coppery rather than red, and check what it is doing.",Look under bean leaves weekly from first true leaves. The yellow egg clusters are the stage to act on.,Plant early and harvest an early crop before numbers build. Pull and destroy the vines as soon as picking is over rather than leaving them standing. Row cover until flowering.,"Hand-picking adults, larvae and egg clusters. Insecticidal soap or neem on the young larvae, on the undersides. Pediobius foveolatus, a parasitic wasp, is sold for this pest and works well where it is available.","Pyrethrins and neem are the usual garden options and both are far more effective on larvae than on adults. Beans are visited by bees, so evening applications only.","Pediobius foveolatus, spined soldier bugs, lady beetles taking the eggs.",1,"Hand-pick adults, larvae and egg clusters; soap or neem on the undersides; pull the vines as soon as picking ends."
bean_leaf_beetle,Bean leaf beetle,Cerotoma trifurcata,,pest,Bean;Southern pea;Pea,manageable,"A small beetle, red to yellow-tan, usually with four dark spots and always with a small black triangle just behind the head -- the triangle is the reliable mark, since the spots are often absent.","Round holes chewed between the veins of bean leaves. Later in the season, scarring and pitting on the pods themselves.","Leaf feeding is cosmetic on an established plant but can kill seedlings. Pod scarring lets in the fungi that cause pod rot, which is the real cost.",Cucumber beetle damage is similar; the black triangle behind the head distinguishes this one.,Check seedlings daily in the first fortnight and pods weekly once they set.,Delay planting past the first spring generation. Row cover on seedlings. Clear crop debris where the adults overwinter.,Row cover on seedlings; hand-picking; neem on a light population. An established planting rarely needs anything at all.,"Pyrethrins and permethrin are registered. Treatment is usually only warranted on seedlings or when pods are being scarred; evening applications, as beans are bee-visited.","Ground beetles, spiders, and a tachinid parasitoid of the adults.",1,Row cover the seedlings and otherwise tolerate it; treat only if pods are being scarred.
japanese_beetle,Japanese beetle,Popillia japonica,,pest,Bean;Okra;Basil;Corn;Sweet corn;Eggplant;Tomato;Pepper;Strawberry,manageable,A metallic green and copper beetle about a centimetre long with white tufts along its sides. The adults feed in groups in full sun; the grubs live in lawn and pasture soil and eat grass roots.,"Leaves skeletonised between the veins into a lace, worst on the sunny top of the plant. Beetles clustered several to a leaf, since feeding damage releases a scent that draws more.","Ugly and sometimes severe defoliation, but established vegetables usually crop anyway. Basil and young beans suffer most.",Several native chafers are similar; the white side tufts are diagnostic.,"Walk the garden in the warmest part of a sunny day, when they are most active and most visible.","Do not hang pheromone traps in the garden: they attract far more beetles than they catch and reliably make the problem worse -- if a neighbour wants to hang one, downwind and a long way off. Keep plants watered so they grow through the damage.","Knock them into a jar of soapy water in the cool of early morning, when they are slow and drop rather than fly. Row cover over a small, badly hit crop such as basil. Neem is a mild deterrent rather than a kill.","Carbaryl and pyrethroids are registered and are effective, and both are highly toxic to bees on crops that are flowering. For a garden the hand-picking is usually the better trade.","Milky spore and parasitic nematodes act on the grubs in turf, but only over years and only over a large area; tachinid flies attack the adults.",1,Knock them into soapy water at dawn; row cover a favourite crop; never hang a pheromone trap in your own garden.
stink_bug,Stink bugs,Halyomorpha halys; Chinavia hilaris; Euschistus servus,Brown marmorated stink bug; green stink bug,pest,Tomato;Pepper;Bean;Southern pea;Okra;Sweet corn;Eggplant,manageable,"Shield-shaped true bugs that push a needle-like mouthpart into fruit and pods and drink. The damage is done in the moment of feeding and does not spread, but it does not heal either.","Cloudy white or yellow spots just under the tomato skin, corky and hard when cut. Dimpled, deformed peppers. Pods that fail to fill. A strong smell when the bug is handled.",Fruit is edible but marked and often mealy where fed on. Feeding wounds are also where fruit rots begin.,"Squash bugs are narrower and are on cucurbits. Several native stink bugs are predators of caterpillars and are worth leaving; a predatory species has a thickened, spined shoulder and is usually found on a caterpillar rather than a fruit.",Check fruit and the tops of plants in the morning. Populations move in from field edges and weedy margins in late summer.,Keep the garden edges mown and free of the weedy hosts they build up on. Row cover on a small planting. A trap crop of sunflower or sorghum draws them off the tomatoes.,"Hand-picking into soapy water, which is easiest early in the morning. Kaolin clay deters feeding. Removing weedy margins in late summer takes the reservoir away.",Pyrethrins and permethrin are registered and give short-lived control at best -- these are strong fliers and the bed is recolonised within days. Hand-picking and margins are the better use of the effort. Any spray on a flowering crop goes on in the evening.,"Samurai wasp and other egg parasitoids, assassin bugs, spiders, birds.",1,Hand-pick in the morning; kaolin clay; mow the weedy margins; expect sprays to be short-lived.
leaf_footed_bug,Leaf-footed bugs,Leptoglossus phyllopus,,pest,Tomato;Southern pea;Pepper;Bean;Okra;Watermelon,manageable,"Large brown true bugs, 20 mm or so, with a white band across the back and flattened leaf-like flares on the hind legs. The nymphs are bright orange and cluster together, which is when they are easiest to deal with.","Sunken, discoloured spots on tomatoes that stay hard. Shrivelled seeds in southern pea pods. Clusters of orange nymphs on a fruit truss.","Marked and mealy fruit rather than lost plants, and badly shrivelled peas. Numbers build sharply through late summer and autumn.",Wheel bugs and assassin bugs are predators and look superficially similar; leaf-footed bugs are the ones with the flared hind legs.,Look for the orange nymph clusters from midsummer -- they are conspicuous and a whole cluster can be dealt with in one go.,"Clear weedy hosts, especially thistle and sunflower, from the garden edges. Remove overwintering shelter such as woodpiles near the beds. Row cover on a small planting.",Hand-pick the nymph clusters into soapy water. A hand vacuum works well on adults. Insecticidal soap kills nymphs and does very little to adults.,Pyrethrins as a last resort on the nymph stage; adults are hard to kill and quickly replaced. Evening applications on flowering crops.,"Tachinid flies, egg parasitoids, assassin bugs, birds.",1,Catch the orange nymph clusters early; hand-pick or vacuum adults; clear the weedy margins.
harlequin_bug,Harlequin bug,Murgantia histrionica,,pest,Cabbage;Broccoli;Cauliflower;Brussels sprouts;Kale;Radish;Turnip;Asian greens;Chinese cabbage,serious,A boldly marked black-and-orange shield bug that feeds almost exclusively on brassicas. The barrel-shaped eggs are laid in neat double rows and look like tiny white kegs with black hoops.,Pale blotches and white stippling on brassica leaves that turn brown and wilt. Whole plants collapsing in warm weather. The distinctive black-and-orange bugs are impossible to miss.,Young brassica plants are killed. An autumn planting can be lost entirely where the population has built up over summer.,Nothing else looks like it on a brassica.,"Check brassicas twice a week from planting, looking for the barrel-shaped egg rows on leaf undersides.","Row cover on brassicas from planting. Remove all brassica residue and wild mustard around the garden, which is where the population overwinters and builds. A trap crop of mustard planted early draws them off the main crop.","Hand-picking the adults and crushing the egg rows, done consistently, is effective. Insecticidal soap on the nymphs. A mustard trap crop, destroyed once colonised.",Pyrethrins and permethrin are registered and work best on nymphs. Adults are hard to hit and often simply move.,"Egg parasitoids, though rarely enough on their own.",0,Row cover; crush the barrel-shaped egg rows; a mustard trap crop; clear wild mustard and old brassica stumps.
leafminer,Leafminers,Liriomyza spp.,,pest,Spinach;Chard;Beet;Tomato;Pepper;Bean;Lettuce;Basil;Onion,cosmetic,"The larvae of small flies that live between the two surfaces of a leaf, eating a widening tunnel as they go. Nothing on the outside of the leaf ever touches them, which is why sprays disappoint.","Pale winding tunnels or irregular blotches inside the leaf, wider at one end. Rows of white puncture dots along a leaf where the female fed.","Cosmetic on tomato and bean; on spinach, chard and beet, where the leaf is the crop, a mined leaf is not worth eating.",The tunnels are unmistakable. Do not confuse the feeding punctures with thrips stippling.,Check leafy crops weekly. The first mines appear on older leaves; act before it reaches the crop leaves.,"Floating row cover over spinach, chard and beet from sowing, which excludes the adult flies entirely and is the only reliable control. Remove and bag mined leaves as they appear. Clear crop residue.",Pick off and bin mined leaves -- squashing the larva in the mine between finger and thumb also works. Row cover. Spinosad has some translaminar movement into the leaf and is the only foliar spray worth trying.,"Most contact insecticides do nothing because the larva is inside the leaf, and they reliably kill the parasitic wasps that are the main natural control, making the next generation worse. Spinosad is the exception, and it is acutely toxic to bees while wet, so it goes on at dusk and not on anything in flower. This is a pest where spraying usually makes things worse.","Diglyphus and Dacnusa parasitic wasps, which do most of the real control in an unsprayed garden.",1,Row cover on leafy crops; pick and bin mined leaves; do not spray a contact insecticide -- it removes the wasps and not the miners.
slug_snail,Slugs and snails,Gastropoda,,pest,,serious,"Molluscs that feed at night and in wet weather and shelter by day under boards, pots, mulch and leaf litter. They rasp holes in leaves and can shear a seedling off entirely.","Irregular holes with smooth, rounded edges, often in the middle of a leaf. Silvery dried slime trails on leaves and soil in the morning. Seedlings gone overnight with nothing left.","Whole beds of seedlings lost in a wet spring, and hollowed strawberries and lettuce hearts later. The worst damage always happens in the week nobody was looking.",Earwig damage is similar but has no slime. Flea beetle holes are small and round; slug holes are large and irregular.,"Go out an hour after dark with a torch, which is the only time you will see the population honestly. Lay a board on damp soil and turn it each morning.","Water in the morning rather than the evening so the surface is dry at nightfall. Keep mulch a hand's width back from the stems of vulnerable plants. Clear boards, pots and debris from around the beds. A copper strip around a raised bed or a pot works while it stays clean.","Hand-collecting after dark, which is the most effective control there is. Board traps. Iron phosphate baits, which are approved for organic growing and are far safer around pets and wildlife than the older alternative. Beer traps catch some, and also attract more than they catch, so site them away from the crop.",Iron phosphate is the bait to use. Metaldehyde baits are effective and are also acutely poisonous to dogs and cats -- do not use them where an animal or a child can reach the pellets.,"Ground beetles, toads, birds, and slow-worms where they occur. A garden that keeps its ground beetles has far fewer slugs.",0,Collect after dark with a torch; board traps; iron phosphate bait; water in the morning and keep mulch off the stems.
earwig,Earwigs,Forficula auricularia,,pest,Lettuce;Basil;Strawberry;Cabbage;Asian greens;Corn;Sweet corn;Bean,cosmetic,"Brown insects with pincers at the tail, active at night and hiding in tight dark places by day. They eat aphids, mites and insect eggs as well as seedlings and soft fruit, so they are on both sides of the ledger.","Ragged holes in soft leaves and flower petals, no slime. Earwigs found inside a corn husk, a strawberry or a rolled leaf during the day.","Mostly cosmetic and often outweighed by the aphids they eat. Real damage is limited to seedlings, soft fruit and sweet corn silk.",Slug damage has slime; caterpillar damage comes with frass.,Roll a damp newspaper or lay a length of hose in the bed overnight and shake it out in the morning -- that is the population count and the trap in one.,"Clear damp debris, boards and dense mulch next to vulnerable seedlings. Decide first whether they are doing net harm: in a garden with aphids, often not.","Rolled newspaper or hose traps, emptied each morning. Oil-and-soy-sauce traps sunk to soil level. A ring of diatomaceous earth around seedlings, renewed after rain.",Baits containing spinosad are registered. Treatment is rarely justified: this is an animal worth tolerating unless it is actually eating the crop.,They are one themselves -- earwigs are significant predators of aphids and codling moth eggs.,0,Trap with rolled newspaper or a length of hose and empty it daily; clear damp debris beside seedlings; tolerate the rest.
root_maggot,Root maggots,Delia radicum; Delia antiqua,Cabbage maggot; onion maggot,pest,Cabbage;Broccoli;Cauliflower;Brussels sprouts;Radish;Turnip;Onion;Garlic;Asian greens,fatal,"Small white legless maggots, the larvae of flies that lay their eggs at the base of the stem in cool, moist spring weather. The maggots eat the roots and tunnel into the bulb or the taproot.","A plant that wilts in the sun and does not recover, with a stunted blue-green cast. Radishes and turnips tunnelled with brown scars. Onion bulbs rotting from the base with maggots inside. Lift a failing plant and the roots are gone.",The plant dies and nothing can be done for it once the maggots are in. In a cool wet spring a whole row of brassica transplants or onion sets can go.,Wireworm tunnels are narrow and clean; root maggot damage is a rotten mess. Clubroot swells the roots instead of eating them.,"Watch spring transplants closely in cool damp weather. Lift the first plant that wilts and look, rather than watering it more.","This is a prevention-only pest. Floating row cover from the day of planting, sealed at the soil, excludes the fly and is the whole answer. A collar of card or roofing felt flat on the soil around the stem stops egg-laying at the base. Rotate brassicas and onions well away from last year. Delay planting past the first spring flight where it is known.",Row cover and stem collars. Parasitic nematodes drenched into the soil at planting help. Destroy affected plants and their roots rather than leaving them to complete the generation.,"There is no effective rescue treatment available to a home garden once the maggots are in the root. Soil drenches sold for the purpose are largely ineffective at that point, which is why every extension recommendation here is about exclusion.",Ground beetles and rove beetles take the eggs and are worth protecting by not disturbing the soil surface unnecessarily.,0,Row cover from planting or a collar flat on the soil; rotate; there is no cure once the roots are eaten.
carrot_rust_fly,Carrot rust fly,Psila rosae,Carrot fly,pest,Carrot;Parsley;Cilantro;Dill;Parsnip;Celery,serious,"A small dark fly whose larvae tunnel through carrot roots leaving rusty-brown trails. The adults fly low over the ground and find the crop by smell, which is why bruised foliage attracts them.","Rusty brown tunnels just under the skin of a carrot, filled with crumbly frass. Foliage tinged red or bronze and stunted. Damage is usually worst at the end of a long season.",The roots are inedible where tunnelled and rot in storage. A late-lifted crop can be almost entirely spoiled.,"Wireworm holes are round, clean and go straight in; rust fly tunnels wander and are rusty.",Pull a test carrot every few weeks from late summer. There is no useful above-ground sign until the damage is done.,"Insect mesh over the bed from sowing, or a vertical barrier 60 cm high around it -- the flies fly low and will not go over. Sow after the first spring flight and lift before the autumn generation matures. Thin in the evening and remove the thinnings, because the smell of crushed foliage is what draws the fly. Rotate away from last year's carrot ground.","Mesh, barriers and timing. Parasitic nematodes drenched on the bed give partial control. Resistant varieties exist and are worth seeking out.",No effective home-garden rescue treatment: the larva is inside the root. Everything that works here is exclusion or timing.,Ground beetles and rove beetles take eggs and pupae.,0,Mesh or a low barrier from sowing; thin in the evening and take the thinnings away; time the sowing and lift promptly.
wireworm,Wireworms,Elateridae larvae,,pest,Potato;Carrot;Onion;Sweet corn;Bean;Lettuce;Radish;Turnip;Beet,serious,"The hard, shiny, orange-brown larvae of click beetles. They live in soil for two to five years and are far more numerous in ground that was recently in grass or pasture.","Neat round holes bored straight into potatoes, carrots and beetroot. Seedlings and sown seed that simply fail, with the larva found in the soil at the seed.","Roots and tubers holed and unstorable, and gaps in a sown row. The population takes years to fall, so a bed broken out of lawn is a problem for several seasons.","Millipedes are round and coil up; wireworms are flat-bodied, hard and stiff. Millipedes usually enlarge damage that something else began.",Bury a piece of potato or carrot on a stick every couple of metres a fortnight before planting and dig it up to count what has moved in. That is the only honest estimate.,"Do not plant potatoes and root crops in the first year or two after breaking sod. Cultivate repeatedly through a fallow season, which exposes larvae to birds and dries them out. Lift potatoes as soon as they are ready rather than leaving them in the ground.","Bait trapping before planting, then removal. Repeated shallow cultivation. Parasitic nematodes help in a small bed. Choosing what to grow -- lettuce and brassicas suffer far less than potatoes -- is the practical answer for a new bed.","Soil insecticides for wireworm are not available to home gardens in any useful form, and would not be worth it if they were. This is a rotation and timing problem.","Birds, ground beetles, and moles, which is the one good thing about a mole.",0,Bait-trap before planting; keep potatoes and roots out of newly broken sod; cultivate and lift promptly.
fire_ant,Fire ants,Solenopsis invicta,Red imported fire ant,pest,,manageable,Mound-building ants that sting painfully and defend the mound in numbers. They eat few plants directly but tend aphids and scale for their honeydew and drive off the predators that would otherwise control them.,"Loose crumbly mounds with no obvious entrance hole, appearing overnight after rain. Ants streaming up plant stems to aphid colonies. Stings on anyone weeding.","Chiefly a hazard to the gardener and a reason the aphids are not being eaten. Occasional direct damage to seedlings, okra buds and ripe fruit close to the ground.",Other mound-building ants are harmless; disturb a mound gently from a safe distance and fire ants boil out immediately and aggressively.,"Walk the beds after rain, when new mounds appear. Look for ant trails on any plant carrying aphids.",Nothing keeps them out of a garden in the areas they occupy. Keeping mounds out of the beds themselves is the achievable goal.,"Repeated drenching of a mound with several litres of boiling water kills a good proportion and harms nothing else, though it also kills roots where it runs. Spinosad-based fire ant baits are approved for organic growing and are the practical control. Bait around the beds and not in them.","Bait products carrying hydramethylnon, indoxacarb or spinosad are the effective option and work by being carried into the colony, so they are broadcast around the garden rather than mixed into the soil of a bed. Read the label for the distance to an edible crop, which differs by product.","Phorid decapitating flies, released regionally, reduce foraging over years rather than seasons.",0,Bait around the beds rather than in them; boiling water on an individual mound; expect to keep doing it.
damping_off,Damping off,Pythium; Rhizoctonia; Fusarium spp.,,disease,,fatal,"Soil-borne fungi and water moulds that rot seedlings at or just below the soil line. It is a disease of the propagation bench far more than of the garden, and of cold wet soil, poor airflow and reused trays.","Seed that never emerges. A seedling that topples with a thin, water-soaked, pinched stem at soil level while the top is still green. White fuzzy growth on the surface of the mix in bad cases.","The seedling dies and does not recover. A whole tray can go in two days, and it takes the sowing date with it -- which for a heat-loving crop can mean the season.","Cutworms sever a stem cleanly and leave the top lying beside it. Drying out wilts a seedling without the pinched, dark stem base.",Look at trays daily in the first fortnight. One toppled seedling is the warning; the tray is decided in the next two days.,"This is entirely a prevention problem. Use fresh sterile seed-starting mix, not garden soil and not last year opened bag. Wash and disinfect reused trays. Sow thinly. Bottom-water and let the surface dry between waterings. Keep air moving with a small fan. Do not sow into cold soil -- warm the mix to the seed temperature range the research card gives.","Remove affected seedlings and the mix around them at once. A thin layer of coarse vermiculite or sand on the surface keeps the collar dry. Chamomile tea and cinnamon are traditional and unreliable; airflow and drier surfaces are what actually work. Biological drenches based on Trichoderma or Bacillus subtilis are registered and help as a preventive, not a cure.","Fungicidal drenches are of very limited use once symptoms appear and are largely unavailable for home seed-starting. Seed treated with a fungicide by the supplier is the one chemical control that reliably matters, and it is bought rather than applied.",Trichoderma and Bacillus subtilis in commercial biological drenches and in good compost.,0,"Fresh sterile mix, clean trays, thin sowing, bottom watering and a fan. There is no cure -- everything here is prevention."
early_blight,Early blight,Alternaria linariae; Alternaria solani,Alternaria leaf spot,disease,Tomato;Potato;Eggplant,serious,A fungal leaf spot that overwinters on crop debris and in the soil and splashes up onto the lowest leaves in the first warm wet spell. It works steadily upward through the season.,"Brown spots on the lowest leaves with concentric rings inside them, like a target, and a yellow halo around each. Leaves yellow and drop from the bottom up. Dark sunken lesions with rings on the stem end of fruit.","Steady defoliation from the base up through the season, which cuts the crop and leaves the fruit exposed to sunscald. Rarely kills the plant outright but reliably shortens its useful life by weeks.",Septoria leaf spot makes smaller round spots with pale centres and black dots and no target rings. Late blight lesions are greasy and grey-green and spread far faster.,"Check the lowest leaves weekly from the moment fruit sets. The first target-ringed spot is the moment to act, not the moment to wait.","Mulch heavily under tomatoes so rain cannot splash soil onto leaves -- this is the single most effective measure. Stake or cage for airflow. Water at the base and in the morning, never over the leaves. Rotate away from tomato and potato ground for two or three years. Remove the lowest leaves up to the first flower cluster. Choose varieties listed as tolerant.",Remove and bag affected lower leaves as they appear; do not compost them. Copper and Bacillus subtilis fungicides give useful protection when started before the disease is established and repeated. Nothing cures an infected leaf.,"Copper-based fungicides and chlorothalonil are the garden actives, and both are protectants -- they stop new infection and do nothing for the spots already there, so they must go on early and be repeated after rain. Copper accumulates in soil with repeated use.",Bacillus subtilis biofungicides.,0,"Mulch, airflow, water at the base, strip the lowest leaves, rotate; copper or Bacillus subtilis early and repeated."
late_blight,Late blight,Phytophthora infestans,,disease,Tomato;Potato,fatal,"The disease of the Irish potato famine, and still the most destructive thing that can happen to a tomato. It is a water mould, not a true fungus, it needs cool wet weather, and it can destroy a planting in under a week.","Greasy grey-green blotches on leaves that turn brown-black, often starting at the leaf tip or edge. White fuzzy growth on the underside in humid mornings. Firm brown greasy patches on green fruit. A distinct smell of rot.","Total loss of tomatoes and potatoes, fast. It also spreads on the wind to every garden downwind, which makes destroying an infected plant a neighbourly act rather than only a personal one.","Early blight has concentric rings and moves slowly. Late blight is greasy, spreads in days, and shows white sporulation on leaf undersides in the morning.","In cool wet weather check daily. Late blight forecasts are published regionally; if it is reported nearby, treat that as a warning to act.","Buy certified disease-free seed potatoes and healthy transplants. Never leave cull potatoes or volunteers over winter, which is where it survives. Airflow, staking and morning watering at the base. Resistant varieties exist and are the best defence in areas where it recurs.","Pull and bag infected plants immediately -- do not compost them, and do not leave them on the ground. Copper fungicides applied preventively during cool wet spells slow it. Once it is established in a planting, removal is the only responsible action.",Copper and chlorothalonil are the garden protectants and must be on the plant before infection. There is no home-garden curative for late blight.,None of practical use.,0,Resistant varieties and clean seed; copper preventively in cool wet weather; pull and bag infected plants at once.
septoria_leaf_spot,Septoria leaf spot,Septoria lycopersici,,disease,Tomato,serious,"A fungal leaf spot of tomatoes that overwinters on debris and on solanaceous weeds and comes up onto the lower leaves with splashing rain. It is often mistaken for early blight and treated the same way, which is fortunate because the treatment is the same.","Many small round spots, three or four millimetres, with grey or tan centres and dark borders, on the lower leaves first. Tiny black dots visible in the centres with a hand lens. Leaves yellow and drop rapidly.","Rapid defoliation from the bottom up, which cuts yield and sunscalds the fruit. The fruit itself is not spotted, which is the difference from early blight.","Early blight spots are larger, fewer and have concentric rings. Bacterial spot lesions are darker and more angular and reach the fruit.","Inspect the lowest leaves weekly from first fruit set, especially after rain.","Mulch to stop soil splash. Space and stake for airflow. Water at the base in the morning. Remove the lowest leaves. Rotate. Clear all tomato debris and nightshade weeds at the end of the season, since that is where it overwinters.","Remove and bag spotted leaves early and often. Copper or Bacillus subtilis as a protectant, started before the disease has climbed the plant.","Copper and chlorothalonil, applied as protectants and repeated after rain. Neither cures an existing spot.",Bacillus subtilis biofungicides.,0,"Mulch, airflow and base watering; strip and bag spotted lower leaves; copper or Bacillus subtilis early."
powdery_mildew,Powdery mildew,Podosphaera xanthii; Erysiphe cichoracearum,,disease,Squash (summer);Squash (winter);Pumpkin;Cucumber;Watermelon;Melon;Bean;Pea;Tomato;Lettuce;Okra,manageable,"A fungus that grows on the leaf surface rather than inside it, which is why it can be treated when almost nothing else can. Unusually among fungal diseases it does not need leaf wetness -- warm days, cool nights and humidity are enough.","Round white powdery patches on the upper leaf surface first, spreading until whole leaves are coated, then yellow and brown. Cucurbits are the usual victims and are hit late in the season.","Loses the plant its leaves in the last month of cropping, which reduces the final picking and, on winter squash, the sugar and the storage life of what is already set.","Downy mildew makes angular yellow patches bounded by leaf veins, with grey fuzz on the UNDERSIDE. Powdery mildew is white, powdery and on top. Some squash varieties have natural silver leaf mottling that is easily mistaken for it -- rub it: mildew rubs off, mottling does not.","From midsummer check the older, shadier leaves in the middle of the plant weekly. The first patch is usually low down and out of sight.","Choose resistant varieties, which for cucurbits are widely available and are much the best answer. Full sun and wide spacing. Avoid heavy nitrogen late. Remove the oldest leaves to open the canopy.","Because it lives on the surface, it can genuinely be treated: potassium bicarbonate, horticultural oils, and Bacillus subtilis all work if started at the first patch. Milk diluted in water has repeatedly shown real effect in trials. Remove and bag the worst leaves.","Sulfur is the classic and effective active, and must not be applied above about 30C or within two weeks of an oil spray -- both burn the foliage. Potassium bicarbonate, neem oil and myclobutanil are also registered for gardens.","Ampelomyces quisqualis, a fungus that parasitises mildew, occurs naturally and is sold as a biofungicide.",0,"Resistant varieties and airflow; potassium bicarbonate, oil or sulfur at the first patch -- but never sulfur in heat or near an oil spray."
downy_mildew,Downy mildew,Pseudoperonospora cubensis; Peronospora spp.,,disease,Cucumber;Squash (summer);Squash (winter);Melon;Watermelon;Basil;Spinach;Lettuce;Onion;Cabbage;Broccoli,fatal,"A water mould, not a true fungus, that needs cool nights and leaf wetness. Cucurbit downy mildew does not overwinter in most of the country and blows north each summer, which is why regional forecasts can tell you the week it will arrive.","Angular yellow patches on the upper leaf surface, sharply bounded by the veins so they look square-edged. Grey or purple fuzz on the underside in humid mornings. Whole leaves brown and die while the stems stay green.","On cucumbers and basil it kills the planting outright, often in ten days. Basil downy mildew makes the crop unusable and is now the main reason basil fails in a wet summer.",Powdery mildew is white and on the upper surface and rubs off. Angular leaf spot makes similar vein-bounded patches but they go papery and tear out.,"Follow the regional cucurbit downy mildew forecast where one is published, and check leaf undersides at first light in humid weather. On basil, check the undersides of the lower leaves before the yellowing shows.","Resistant varieties, which now exist for cucumber and for basil and are the only durable answer. Wide spacing and full sun. Water at the base in the morning. Plant early to crop before the annual arrival.","Copper fungicides applied preventively, starting when the disease is reported in the region rather than when it is seen. Remove and bag affected leaves. On basil, harvest hard and early and accept a shorter season.",Copper and chlorothalonil are the garden protectants and must be on before infection; there is no curative for a home garden. Resistance to some actives is widespread in the cucurbit species.,None of practical use.,0,"Resistant varieties, spacing and morning base watering; copper preventively when it is reported in your area; bag affected leaves."
bacterial_wilt_cucurbit,Bacterial wilt,Erwinia tracheiphila,,disease,Cucumber;Melon;Squash (summer);Squash (winter);Pumpkin,fatal,A bacterium carried in the gut of striped and spotted cucumber beetles and introduced when they feed. It multiplies in the plants water-conducting tissue and blocks it. Cucumbers and muskmelons are highly susceptible; watermelon is largely immune.,"One runner wilts in the heat and recovers overnight, then does not. The whole vine follows within days while the leaves are still green. The test: cut a wilted stem, press the cut faces together and pull them slowly apart -- a fine white thread stretching between them is the bacterium.","The plant dies. There is no treatment at any stage, and the only control is not to let the beetles feed in the first place.",Squash vine borer leaves frass and a hole at the stem base. Fusarium wilt yellows one side of the plant first and stains the stem interior brown. Drought wilts at midday and recovers every evening.,"There is nothing to monitor for the disease itself -- monitor the beetles, from emergence, daily, on seedlings.",Everything is beetle control. Row cover from sowing until the first female flowers. Grow watermelon and Cucurbita moschata types where wilt is a recurring problem. Kaolin clay on young plants. Remove wilting plants at once so they are not a reservoir the beetles feed on.,"Row cover, hand-picking beetles, kaolin clay, and prompt removal of infected plants. Nothing acts on the bacterium.","No chemical treats the disease. Insecticides are aimed at the beetles and are covered under that entry, with the same warning: cucurbits depend on bees, so evenings only.",Anything that eats cucumber beetles.,0,"Prevent the beetles: row cover to first flower, kaolin clay, hand-picking. Pull wilting plants the day you see them."
fusarium_wilt,Fusarium wilt,Fusarium oxysporum,,disease,Tomato;Melon;Watermelon;Cucumber;Pea;Bean;Cabbage;Spinach;Basil,fatal,"A soil fungus that enters through the roots and plugs the water-conducting tissue. It is host-specific -- the strain that kills tomatoes leaves melons alone -- and it survives in soil for many years, which makes it a decision about what to plant rather than something to treat.","Yellowing and wilting that starts on one side of the plant or one branch, often with one side of a leaf yellow and the other green. Lower leaves first. Cut the stem lengthways near the base: a chocolate-brown stain in the ring just under the skin is the diagnosis.","The plant declines and dies, usually just as it begins to crop, and the ground stays infested for years afterwards.",Verticillium wilt looks almost identical and is distinguished mostly by cooler weather and a wider host range. Bacterial wilt of cucurbits gives the white thread test. Waterlogging wilts without staining the stem.,"Nothing useful before symptoms. Note where it happened, because that is the information that matters next year.","Resistant varieties are the whole answer and are widely available -- the F, FF or FFF on a tomato variety description is exactly this. Rotate for at least four years. Raise soil pH slightly and avoid excess nitrogen. Grafted tomatoes on resistant rootstock work where the ground is known to be infested. Solarising a bed under clear plastic through a hot summer reduces it.",Remove and bag affected plants with as much root as will come. Grow in containers or a raised bed with clean soil where a bed is known infested. Soil solarisation.,"No fungicide available to a home garden controls Fusarium wilt. Every recommendation here is variety choice, rotation and soil.",Suppressive composts and Trichoderma biologicals reduce severity; they do not cure it.,0,"Resistant varieties, long rotation, clean containers; there is no cure and the soil stays infested."
verticillium_wilt,Verticillium wilt,Verticillium dahliae,,disease,Tomato;Pepper;Eggplant;Potato;Strawberry;Okra;Watermelon,fatal,"A soil fungus much like Fusarium in what it does, but with a very wide host range and a preference for cooler soils. It persists in soil for a decade or more as resting structures.","Yellowing in a V-shaped wedge from the leaf edge inward, lower leaves first. Wilting in the heat of the day, recovering at night, until it does not. A tan discoloration in the stem ring near the base, usually paler than the Fusarium stain.","Progressive decline and death, and ground that is unsuitable for the whole susceptible group for years.","Fusarium wilt, closely. The practical difference is that Verticillium hits a much broader range of plants and prefers cooler weather.",Nothing before symptoms; record where it occurred.,"Resistant varieties -- the V in a tomato variety description. A four-year rotation with grasses and sweet corn, which are not hosts. Avoid following strawberries, potatoes or brassica-free weedy ground with a susceptible crop. Solarisation helps.",Remove and bag affected plants. Grow susceptible crops in containers of clean mix on infested ground. Solarise the bed through a hot summer.,No home-garden fungicide controls it.,Broccoli residue incorporated into soil measurably suppresses Verticillium and is one of the few cultural tricks with real evidence behind it.,0,Resistant varieties and a long rotation through corn and grasses; containers on infested ground; no cure.
southern_blight,Southern blight,Athelia rolfsii; Sclerotium rolfsii,White mould of the stem base,disease,Tomato;Pepper;Bean;Southern pea;Okra;Watermelon;Carrot;Onion;Peanut,fatal,"A hot-weather soil fungus of the southern states that attacks the stem right at the soil line. It produces coarse white mycelium and small round tan sclerotia that look exactly like mustard seed, which is the diagnostic sign.","Sudden wilt of an otherwise healthy plant in hot humid weather. A white fan of coarse fungal threads on the stem at soil level and on the soil around it, carrying tan or brown spheres the size of mustard seed.",The plant dies within days and the sclerotia stay in the soil for years. In a hot wet summer it can take several plants in a row.,"White mould (Sclerotinia) makes larger, irregular black sclerotia inside the stem, and prefers cool weather. Southern blight is a heat disease and the sclerotia are outside, small, round and uniform.",Look at the stem base of wilting plants in hot humid weather rather than assuming drought.,Deep burial of crop residue -- the fungus is aerobic and lives in the top few centimetres. Rotate to corn and small grains. Keep mulch and soil pulled back from the stem base. Solarisation reduces sclerotia in the top layer.,Remove the plant with a generous margin of soil and bag it. A collar of aluminium foil around the stem base protects a valued plant. Deep cultivation to bury the residue and the sclerotia.,"No effective home-garden fungicide. This is a residue, rotation and soil-management problem.",Trichoderma biologicals give partial suppression.,0,"Bury residue deeply, rotate to corn, keep mulch off the stem base; remove infected plants with their soil."
white_mold,White mould,Sclerotinia sclerotiorum,Sclerotinia; timber rot,disease,Bean;Pea;Lettuce;Cabbage;Tomato;Carrot;Potato;Cucumber,serious,"A cool-weather fungus that infects through dying flowers and wounds and rots stems from the inside. Hard black bodies the size and shape of rat droppings form inside the stem and fall into the soil, where they last for years.",A water-soaked patch on a stem that goes white and cottony. Sudden collapse of a branch or a whole plant above that point. Split the stem and there are hard black lumps inside.,"Loss of the plant or a major branch, and long-lived contamination of the bed. Beans and lettuce are the usual victims.",Southern blight is a heat disease with small tan sclerotia on the OUTSIDE of the stem at soil level. Grey mould is fuzzy and grey-brown rather than white and cottony.,"Check bean and lettuce stems in cool damp weather, especially where the canopy is dense and slow to dry.","Wide spacing and good airflow, which matters more here than almost anywhere. Avoid overhead watering. Rotate to corn and small grains, which are not hosts. Do not compost infected material. Avoid dense plantings on ground that has had it before.","Remove and bag infected plants including the sclerotia, cutting well below the lesion. Coniothyrium minitans, a fungus that parasitises the sclerotia, is sold as a soil biological and genuinely reduces the population over seasons.","No reliable home-garden fungicide once it is established. Everything effective is spacing, airflow and rotation.",Coniothyrium minitans.,0,"Space widely, water at the base, rotate to corn; cut out and bag infected stems with the black bodies inside."
gray_mold,Grey mould,Botrytis cinerea,Botrytis,disease,Tomato;Strawberry;Lettuce;Bean;Pepper;Basil;Onion,manageable,"A fungus that lives on dead and dying tissue and moves from there into healthy tissue. Cool, damp, still air is what it needs, which makes it a greenhouse and a wet-spring disease.","Fuzzy grey-brown mould on dead flowers, fruit and leaf tips. Pale ghost rings on green tomatoes where a spore landed and did not get in. Fruit rotting where it touches soil or another fruit.","Rotted fruit and lost flowers rather than lost plants, though a stem lesion can kill a branch. Mostly a wet-weather and under-cover problem.",White mould is white and cottony with black lumps inside the stem. Grey mould is dusty grey-brown and always starts on something already dead or dying.,"Look at spent flowers and any fruit touching the ground, weekly in damp weather.","Pick off dead flowers and leaves, which is what it feeds on before it feeds on the crop. Airflow, spacing, and no overhead watering. Under cover, ventilate rather than heat. Keep fruit off the soil with mulch or a support.",Sanitation is most of it: remove dead tissue and rotting fruit promptly and bag them. Bacillus subtilis biofungicides help preventively. Increase ventilation before reaching for anything.,"Bacillus subtilis and captan are registered for garden use. Botrytis develops fungicide resistance readily, so rotation of actives matters and sanitation matters more.",Bacillus subtilis and Trichoderma biofungicides.,0,"Remove dead flowers, leaves and rotting fruit; ventilate and space; Bacillus subtilis preventively in damp weather."
anthracnose,Anthracnose,Colletotrichum spp.,,disease,Tomato;Pepper;Bean;Cucumber;Melon;Watermelon;Squash (summer);Strawberry,serious,A fungal fruit and leaf rot that overwinters on debris and in seed and spreads by rain splash in warm wet weather. It infects green fruit silently and only shows as the fruit ripens.,"Round sunken spots on ripe fruit, darkening in the middle with concentric rings of tiny dark dots, often with a pink or salmon slime in the centre in humid weather. On beans, dark sunken lesions on pods with pink centres.",Ripe tomatoes and peppers rot on the plant or in the bowl a day after picking. On beans it can also kill seedlings from infected seed.,"Blossom end rot is on the bottom of the fruit only, dry, leathery and never has rings or spore masses.",Watch ripening fruit in warm wet spells. Picking slightly early and ripening indoors avoids much of it.,"Mulch to stop soil splash. Stake and space for airflow. Pick fruit promptly and never leave over-ripe fruit on the plant. Rotate for two or three years. Use clean, treated bean seed and never save seed from an affected crop. Do not work among wet bean plants -- that is how it spreads down a row.",Remove and bag affected fruit at once. Copper fungicides preventively in warm wet weather. Pick at first blush and finish ripening indoors.,"Copper and chlorothalonil as protectants, started before symptoms and repeated after rain.",None of practical use.,0,"Mulch, airflow and prompt picking; copper preventively in warm wet weather; bag affected fruit."
bacterial_spot,Bacterial spot and speck,Xanthomonas spp.; Pseudomonas syringae pv. tomato,,disease,Tomato;Pepper,serious,"Bacterial diseases spread by rain splash, overhead water and handling wet plants, and carried on seed and transplants. Spot likes heat, speck likes cool weather, and the management is the same for both.","Small dark angular leaf spots, often with a yellow halo, that dry and tear out leaving ragged holes. Raised scabby specks on the fruit that make it unmarketable. Heavy leaf drop.",Defoliation and fruit that is edible but scabbed and unsellable. Once it is established in warm wet weather there is no way to stop it in a garden.,"Septoria and early blight are fungal, round rather than angular, and do not scab the fruit. Bacterial spots are angular because they are bounded by the small veins.","Look for angular spots after a run of wet weather, and check bought transplants before planting -- infected transplants are the commonest way it arrives.",Buy clean transplants and look at them. Use certified or hot-water-treated seed. Do not work among wet plants. Water at the base. Rotate for two years and remove all debris. Copper preventively where it recurs.,"Remove badly affected leaves early. Copper, with or without a Bacillus subtilis product, applied preventively. Sanitation between plants when pruning -- a bacterial disease travels on hands and secateurs.","Copper is the only garden active with real effect, it is protectant only, and copper-tolerant strains are now common. There is no cure.",None of practical use.,0,Clean seed and clean transplants; never handle wet plants; base watering; copper preventively.
angular_leaf_spot,Angular leaf spot,Pseudomonas syringae pv. lachrymans,,disease,Cucumber;Squash (summer);Squash (winter);Melon;Watermelon;Pumpkin,manageable,"A bacterial disease of cucurbits spread by splashing water, by cucumber beetles, and by hands and tools on wet foliage. It is seed-borne, which is why it appears in a garden that never had it.","Water-soaked angular spots bounded by the leaf veins, drying tan and then falling out to leave ragged holes. Milky bacterial ooze on the underside in humid mornings, drying to a white crust. Small round water-soaked spots on the fruit.",Leaf loss and holed leaves; fruit spots let in the soft rots that follow. Not usually fatal but it shortens the picking.,Downy mildew is also vein-bounded but is yellow rather than water-soaked and has grey fuzz beneath. Angular leaf spot tears out and leaves holes; downy mildew does not.,"Look at leaf undersides in the morning after wet weather for the milky ooze, which is diagnostic.","Buy clean seed and do not save seed from an affected crop. Never work among wet vines. Water at the base. Rotate for two years and remove debris. Control cucumber beetles, which carry it.","Copper preventively. Sanitation, staying out of the wet crop, and removing the worst leaves.","Copper, as a protectant. Nothing cures a bacterial leaf spot.",None of practical use.,0,"Clean seed, base watering, stay out of wet vines, rotate; copper preventively."
black_rot_brassica,Black rot of brassicas,Xanthomonas campestris pv. campestris,,disease,Cabbage;Broccoli;Cauliflower;Brussels sprouts;Kale;Turnip;Radish;Asian greens;Chinese cabbage,fatal,"The most serious bacterial disease of brassicas worldwide. It enters through the pores at the leaf margin or through insect and hail wounds, moves into the veins, and works down to the stem.","Yellow V-shaped wedges at the leaf margins, pointing inward, with blackened veins running through them. Cut the stem across and the vascular ring is black. Whole plants yellow, stunt and collapse.",Plants are lost and the seed and soil stay contaminated. In warm wet weather a whole brassica bed can go.,Fusarium yellows also yellows brassicas but does not blacken the veins or make a V at the margin. Nitrogen deficiency yellows the oldest leaves evenly and uniformly.,Look at leaf margins weekly in warm wet weather. Inspect bought transplants -- this arrives on transplants and seed far more often than from the soil.,"Hot-water-treated or certified seed. Buy clean transplants and reject any with yellow margins. Three-year rotation away from all brassicas, including weedy mustards. Do not work in the crop when wet. Wide spacing and base watering.",Remove and bag affected plants completely. Rotation and clean seed. Copper gives some protection early and cannot stop an established infection.,Copper as a protectant only. There is no curative treatment.,None of practical use.,0,Clean seed and transplants; three-year rotation; stay out of the wet crop; remove and bag affected plants.
clubroot,Clubroot,Plasmodiophora brassicae,,disease,Cabbage;Broccoli;Cauliflower;Brussels sprouts;Kale;Radish;Turnip;Asian greens;Chinese cabbage,fatal,"A soil organism that infects brassica roots and makes them swell into distorted clubs that cannot take up water. Resting spores survive in soil for up to twenty years, and acid soils make it far worse.","Wilting in the sun that recovers overnight, then stunting and yellowing. Lift the plant: the roots are swollen, knobbly and club-shaped rather than fibrous, and later rot into a foul mess.",The crop is lost and the ground is unusable for brassicas for many years. This is the one soil disease worth going to real lengths to keep out.,Root-knot nematode makes small beaded galls along fine roots; clubroot makes large distorted clubs on the main roots. Root maggots eat the roots away rather than swelling them.,Lift and look at the roots of any stunted brassica rather than guessing. Knowing you have it changes the plan for a decade.,"Never bring in soil, transplants or tools from an affected garden -- that is how it arrives. Lime to raise soil pH to about 7.2, which strongly suppresses it. Long rotation, seven years or more, and control weedy mustards, which are hosts. Improve drainage. Resistant varieties exist.","Liming, drainage and rotation. Grow brassicas in containers of clean mix where a bed is known infested. Remove and bag affected plants with their roots -- never compost them.","No home-garden chemical controls it. Lime is the effective input and it is a soil amendment, not a fungicide.",None of practical use.,0,Keep it out; lime to pH 7.2; long rotation and resistant varieties; containers on infested ground.
root_knot_nematode,Root-knot nematodes,Meloidogyne spp.,,disease,Tomato;Pepper;Okra;Cucumber;Squash (summer);Squash (winter);Melon;Carrot;Lettuce;Bean;Eggplant,serious,"Microscopic roundworms that enter fine roots and cause the plant to grow galls around them. Worst in sandy soils and in long warm seasons, and they multiply on almost every summer vegetable.","Plants stunted and wilting in the afternoon heat despite adequate water, yellowing and unresponsive to feeding, often in patches rather than across the whole bed. Lift a plant: the roots carry beaded swellings that cannot be rubbed off.",Reduced yield across the bed and progressively worse each year the same crops are grown. Carrots become forked and unusable.,"The nitrogen-fixing nodules on bean and pea roots are also lumps -- but they rub off easily and are round and attached to the outside, while galls are part of the root itself. Clubroot makes large clubs on brassicas, which nematodes do not attack.",Lift and examine roots at the end of every season in a bed that underperformed. That is the only reliable diagnosis and it is free.,"Resistant varieties -- the N in a tomato variety code. Rotate to non-hosts: sweet corn, small grains, and resistant cover crops. Solarise the bed under clear plastic through the hottest six weeks of summer. Add organic matter, which supports the fungi and predators that keep numbers down. Grow susceptible crops in containers on badly infested ground.","Solarisation, rotation, resistant varieties, French marigold cover crops grown as a solid stand for a full season -- interplanting a few marigolds does nothing, and this is a very common misconception. Large additions of compost.","Nematicides are not available to home gardens, and would not be a good idea if they were. Everything effective here is rotation, soil and variety choice.","Nematode-trapping fungi and predatory mites, all favoured by high organic matter.",0,"Resistant varieties, rotation to corn, solarisation, plenty of compost; a solid marigold cover crop, not a few plants dotted about."
mosaic_virus,Mosaic viruses,Cucumber mosaic virus; Tobacco mosaic virus,CMV; TMV; ToMV,disease,Tomato;Pepper;Cucumber;Squash (summer);Squash (winter);Melon;Bean;Spinach;Lettuce;Basil,serious,"A group of viruses spread mostly by aphids, and in the tobacco mosaic group also by hands, tools and tobacco products. Once a plant is infected it stays infected, and there is no treatment at any price.","Mottled light and dark green patchwork on the leaves. Puckered, narrow, strap-like or fern-like new growth. Stunting. Mottled or bumpy fruit that fails to size.","A permanently reduced or worthless plant, and a reservoir for the aphids to move it on to the neighbours. Removal is the only useful response.","Herbicide drift also distorts new growth, usually across every plant in a direction rather than plant by plant. Nutrient deficiencies mottle without distorting.","Look at the newest growth. A mottled, distorted growing point on one plant while its neighbours are normal is the pattern.","Control aphids early. Buy resistant varieties. Wash hands and disinfect tools between plants, and do not handle tomatoes after handling tobacco, which genuinely transmits TMV. Control perennial weeds that host the viruses. Reflective mulch deters incoming aphids.","Pull and bag infected plants as soon as you are confident, before the aphids move it on. Aphid control on the rest. Nothing treats an infected plant.",None. No chemical affects a plant virus.,Everything that eats aphids.,0,"Resistant varieties, aphid control and clean hands; pull and bag infected plants -- there is no cure."
curly_top,Curly top virus,Beet curly top virus,,disease,Tomato;Pepper;Bean;Beet;Spinach;Melon;Squash (summer);Cucumber,fatal,"A virus carried by the beet leafhopper, which blows in from dry rangeland in early summer. The leafhopper infects a plant in a single brief feed and moves on, so the damage is scattered rather than spreading plant to plant.","A plant that stops dead: leaves thickened, stiff, crinkled and rolled upward, yellowing with purple veins. Fruit ripens prematurely and small. Individual plants scattered through an otherwise healthy bed.","The affected plant is finished and will not produce. Neighbouring plants are usually fine, because the vector does not stay.","Herbicide damage distorts growth across a whole area. Mosaic viruses mottle rather than stiffen and thicken. Curly top leaves feel leathery and brittle, which is quite distinctive to the hand.","Nothing useful -- by the time it shows, the leafhopper is long gone. Note how many plants are affected and plan shade for next year.","Shade cloth or row cover over the crop in early summer, which deters the leafhopper, is the only measure with real effect. Plant densely so the leafhopper is less attracted to bare soil between plants. Control host weeds in the surroundings. Some pepper and bean varieties carry tolerance.","Remove infected plants -- more for tidiness than for control, since the vector is not resident. Shade and dense planting for the rest of the season.","Insecticides do not help: the leafhopper transmits it in a feed shorter than any spray can prevent, and it does not colonise the crop.",None of practical use.,0,"Shade cloth or row cover in early summer, dense planting, tolerant varieties; pull affected plants -- nothing treats the virus."
spotted_wilt,Tomato spotted wilt virus,Tomato spotted wilt orthotospovirus,TSWV,disease,Tomato;Pepper;Lettuce;Bean;Eggplant;Basil,fatal,"A virus that only thrips can transmit, and only if they acquired it as larvae. It has an enormous host range including many ornamentals and weeds, which is where it usually comes from.","Bronzing and dark spots on young leaves, with the growing tip often dying back. Distinctive ringspots and concentric yellow or orange rings on the fruit as it ripens. Marked one-sided stunting.",The plant is finished; fruit already set is spotted and unusable. Removal is the only action.,"The fruit ringspots are close to unique. Early leaf bronzing looks like spider mite damage, but there is no webbing and no mites.",Watch for bronzed growing tips from early summer. Sticky cards for thrips give the earlier warning.,"Resistant tomato and pepper varieties, carrying the Sw-5 gene, are the effective answer where the virus is common. Thrips control on young plants. Remove weedy hosts and any infected ornamental. Reflective mulch delays thrips arrival.",Pull and bag infected plants the day you are confident. Thrips control with spinosad at dusk on the remainder. Reflective mulch.,"Nothing treats the virus. Insecticides against thrips only reduce further spread, and imperfectly.","Minute pirate bugs and predatory mites, against the thrips.",0,"Resistant varieties, thrips control and reflective mulch; pull infected plants at once -- there is no cure."
yellow_leaf_curl,Tomato yellow leaf curl virus,Tomato yellow leaf curl virus,TYLCV,disease,Tomato;Pepper;Bean,fatal,"A whitefly-transmitted virus, spreading north through the warmer states. A whitefly that has fed on an infected plant carries it for the rest of its life.","Severe upward cupping and curling of leaves with yellow margins, marked stunting with very short internodes so the plant looks bunched, and flowers that drop without setting fruit.",A plant infected young sets nothing at all. There is no treatment.,"Herbicide drift, particularly from growth-regulator herbicides, curls and cups leaves similarly -- but affects everything nearby rather than scattered plants, and does not stunt the internodes the same way. Physiological leaf roll is smooth, thick and green and does not yellow.",Whitefly monitoring with yellow sticky cards is the useful early signal. Check transplants before planting.,"Resistant varieties, now widely sold where the virus is present, are the answer. Whitefly exclusion with fine mesh on young plants. Remove infected plants promptly, bagging them rather than shaking the whiteflies off. Do not plant near an old infected crop.",Bag the whole plant before pulling it so the whiteflies go with it. Whitefly control with soap and oil. Reflective mulch.,Nothing treats the virus; whitefly control only slows the spread.,Encarsia wasps and other whitefly parasitoids.,0,Resistant varieties and whitefly exclusion; bag infected plants before pulling them.
rust_bean,Rust,Uromyces appendiculatus; Puccinia spp.,,disease,Bean;Southern pea;Onion;Garlic;Sweet corn;Asparagus,manageable,"Fungi that produce powdery pustules of orange or brown spores on the leaf surface, favoured by long dew periods and moderate temperatures. Each host has its own rust and they do not cross over.","Small raised rusty-orange pustules, mostly on leaf undersides, that rub off onto a finger. Later they darken to brown or black. Leaves yellow and drop.",Leaf loss late in the season that cuts the last of the crop. Rarely fatal but a heavy attack on beans ends the picking early.,Nothing else leaves orange powder on a finger. Do not confuse with the harmless orange spots of some leaf-mining flies.,"Check leaf undersides weekly from midsummer, especially in a spell of heavy dew.","Resistant varieties. Wide spacing and morning watering at the base so leaves dry quickly. Rotate. Remove and destroy crop residue, and on garlic and onion do not leave volunteers standing.","Remove affected leaves early. Sulfur applied at first sign is genuinely effective on rust, subject to the heat and oil warnings. Copper is less effective here than on the bacterial diseases.","Sulfur, and myclobutanil among the synthetics. Never apply sulfur above about 30C or within two weeks of an oil spray.",None of practical use.,0,"Resistant varieties, airflow and base watering; sulfur at the first pustules, not in heat."
leaf_mold,Tomato leaf mould,Passalora fulva,,disease,Tomato,serious,"A fungal disease of high humidity, and overwhelmingly a greenhouse and tunnel problem rather than an outdoor one. It needs sustained humidity above about 85 per cent, which is what a closed tunnel provides every night.","Pale green to yellow blotches on the upper leaf surface with no sharp edge, and olive-green to brown velvety mould on the underside directly beneath them. Lower leaves first.","Progressive defoliation under cover, cutting the crop badly in a tunnel or greenhouse. Outdoors it is usually minor.","Early blight and Septoria make defined spots. Leaf mould blotches are diffuse on top with velvet underneath, which is the giveaway.","Under cover, look at the undersides of the lower leaves weekly from the first fruit set.","Ventilation, ventilation, ventilation -- vent overnight rather than closing up. Wide spacing, hard pruning of lower leaves, and no overhead watering. Resistant varieties are widely available and are the practical answer for a tunnel.",Increase airflow and remove affected leaves. Copper and Bacillus subtilis preventively.,Copper and chlorothalonil as protectants. Managing the humidity does more than any spray.,None of practical use.,0,"Ventilate hard overnight, prune and space, resistant varieties; copper preventively under cover."
cercospora_leaf_spot,Cercospora leaf spot,Cercospora beticola; Cercospora spp.,,disease,Beet;Chard;Okra;Southern pea;Pepper;Carrot,manageable,"A warm, humid-weather fungal leaf spot, most familiar on beetroot and chard, where it can strip a crop of usable leaves in a wet August.",Small round spots with pale tan or grey centres and distinct reddish-purple borders. Centres often drop out leaving shot holes. Spots coalesce and leaves collapse.,"On chard and beet greens, where the leaf is the crop, it ends the picking. On roots it reduces size rather than ruining them.",Bacterial leaf spot of beet is angular and water-soaked without the purple ring. The purple border is the useful sign.,Check chard and beet weekly through warm humid weather.,"Wide spacing and airflow. Base watering in the morning. Two-year rotation and removal of debris, where it overwinters. Pick outer leaves regularly, which both harvests and thins.","Strip and bag affected leaves, which on chard is also just harvesting. Copper preventively in a wet spell.",Copper and chlorothalonil as protectants.,None of practical use.,0,"Space, water at the base, pick the outer leaves often, rotate; copper in a wet spell."
aster_yellows,Aster yellows,Candidatus Phytoplasma asteris,,disease,Carrot;Lettuce;Onion;Garlic;Tomato;Celery;Parsley,fatal,"A phytoplasma -- a bacterium without a cell wall -- carried by the aster leafhopper, which migrates north on spring winds. It affects an extremely wide range of plants and produces some of the strangest symptoms in the garden.","Bizarre distorted growth: carrots with a mass of hairy roots and a red-purple bunched top; lettuce with twisted yellow inner leaves; flowers that come out green and leafy instead of coloured. Bitter, hairy carrots are the classic sign.",The affected plant is unusable. The carrots taste bitter and the tops are inedible.,"Herbicide injury distorts too, but affects a whole area. The green, leafy flowers of aster yellows are close to unmistakable.",Nothing useful before symptoms. Note the incidence and remove.,"Control the perennial weeds that host it -- thistle, plantain, dandelion. Row cover over carrots and lettuce in early summer excludes the leafhoppers. Remove affected plants promptly so a leafhopper does not pick it up again.",Removal and weed control. Row cover during the leafhopper flight.,Nothing treats a phytoplasma. Insecticides against leafhoppers are largely ineffective on a migrating vector.,None of practical use.,0,"Row cover in early summer, clear perennial broadleaf weeds, remove affected plants; there is no cure."
corn_smut,Corn smut,Ustilago maydis,Huitlacoche,disease,Sweet corn,manageable,"A fungus that infects corn through wounds and growing tissue and turns kernels into large silvery-grey galls full of black spores. It is also a delicacy in Mexican cooking, sold as huitlacoche and picked young and firm.","Swollen silvery-white galls on ears, tassels or stalks, sometimes the size of a fist, that split and release a mass of powdery black spores.",The affected ear is lost as sweet corn. Spores persist in soil for years. Damage is usually to a few plants rather than a whole planting.,Nothing else looks like it.,Walk the corn weekly from tasselling. Removing a gall before it bursts is the whole of the control.,Avoid injuring plants when cultivating or detasselling -- most infection is through wounds. Balanced nitrogen rather than excess. Rotate. Some varieties are more tolerant.,"Cut out and bag galls while they are still firm and white, before they split. Do not compost them. Or pick them at that stage and cook them.","No effective home-garden fungicide, and none is warranted.",None of practical use.,0,"Cut galls out while still white and firm and bag them, or eat them; avoid wounding the plants; rotate."
onion_neck_rot,Onion neck rot and basal rot,Botrytis allii; Fusarium oxysporum f. sp. cepae,,disease,Onion;Garlic;Leek,serious,Two storage rots with different causes and the same practical answer. Neck rot enters through the neck as the crop dies down and shows up in storage; basal rot comes up through the base plate from infested soil.,"In storage, a soft sunken area at the neck with grey mould between the scales, or a bulb rotting from the base upward with white fluff on the base plate. In the field, premature yellowing and a bulb that lifts away from its roots.",A crop that looked fine at lifting turns to mush over the winter. This is where most home-stored onions and garlic are lost.,Onion maggot damage has maggots in it. Simple bruising rots at the point of damage rather than from the neck or the base.,Check stored bulbs monthly and remove any that softens; one rotting bulb spoils those around it.,"Almost all of this is curing and storage. Lift when the tops have fallen, cure in a warm airy place until the necks are papery and tight, and store cool, dry and with air movement. Do not damage bulbs at lifting. Do not over-feed with nitrogen late, which makes thick soft necks. Rotate away from alliums for four years for basal rot.","Careful lifting, thorough curing, cool dry airy storage, and inspection. Discard any bulb with a thick soft neck rather than storing it.","No useful home-garden treatment. This is a harvest and storage problem, and it is solved there.",None of practical use.,0,"Cure thoroughly until the necks are papery, store cool dry and airy, lift without bruising, rotate."
blossom_end_rot,Blossom end rot,,BER,disorder,Tomato;Pepper;Eggplant;Squash (summer);Watermelon;Melon,manageable,"Not a disease and not a pest: a calcium supply failure in the fruit. Almost always the soil has plenty of calcium and the plant could not move it fast enough, because water uptake was uneven while the fruit was sizing.","A sunken, leathery, dark brown or black patch on the BOTTOM of the fruit, opposite the stem. Dry and flat rather than mouldy, though moulds move in later. First fruits of the season are the usual victims.","The affected fruit is spoiled. The plant is fine and later fruit is usually normal once watering steadies, which is why this is a disorder and not a disease.","Anthracnose is on the side or the shoulder, is circular and sunken with rings, and often has pink spore masses. Sunscald is on the sun-facing side and is pale and papery.","Watch the first fruits of each planting. If the first truss has it and the second does not, the watering has already been fixed.","Even, deep watering is the whole of it. Mulch to buffer the soil. Do not let a container dry out and then flood it -- containers are where this happens most. Avoid heavy nitrogen, especially ammonium forms, which competes with calcium uptake. Do not damage roots by cultivating close to the plant. Get a soil test before adding calcium at all.",Steady watering and mulch. Remove affected fruit so the plant puts its resources into the next ones.,"Calcium sprays and soil calcium additions are widely sold for this and rarely help, because the soil almost always has enough calcium already and a leaf spray does not reach the fruit. Fix the watering instead. Add lime or gypsum only if a soil test actually shows a calcium shortage or a pH problem.",,0,"Even deep watering and mulch. Calcium sprays are usually money for nothing -- the problem is water, not calcium."
blossom_drop_heat,Heat blossom drop,,Flower drop,disorder,Tomato;Pepper;Bean;Southern pea;Eggplant,manageable,"Flowers abort without setting when it is too hot, too cold, too dry or too windy at the moment of pollination. For tomatoes the classic trigger is night temperatures above about 24C or day temperatures above about 35C; pollen is simply not viable then.",Flowers yellow at the stalk and drop off cleanly with no fruit behind them. The plant itself looks perfectly healthy and keeps producing more flowers.,"A gap in the harvest six to eight weeks later, which is the part people notice. In a long hot summer this is why tomatoes stop and then start again in September.",Poor pollination in cucurbits drops small fruit that started to swell; heat blossom drop loses the flower before anything sets. Curly top and mosaic virus also stop fruit set but distort the plant as well.,Note the nights above 24C -- Carl has the temperatures already. The blossom drop follows two or three days later.,Choose heat-set varieties where summers are long and hot; this is the only measure that really works. Shade cloth of 30 to 50 per cent over the hottest weeks. Keep the soil evenly moist so the plant is not also water-stressed. Plant early enough that the main set happens before the heat.,"Shade cloth, steady water, and patience. The plant will set again when the nights cool, which is what a late-summer flush is.","Blossom-set hormone sprays exist and give erratic results, often producing hollow or misshapen fruit. Not worth it.",,0,"Heat-set varieties, 30-50 per cent shade cloth over the worst weeks, steady water; it sets again when nights cool."
fruit_cracking,Fruit cracking,,Splitting,disorder,Tomato;Watermelon;Melon;Cabbage;Carrot;Squash (summer),cosmetic,A fruit that has slowed its growth in a dry spell takes up water faster than its skin can stretch when the rain finally comes. Cabbages and carrots split for the same reason.,"Concentric rings of cracks around the shoulders of a tomato, or radial cracks running down from the stem. Splits in cabbage heads and carrot roots after heavy rain.","Cosmetic if picked at once. Left on the plant the cracks let in the rots and the fruit flies, and then it is a loss.","Catfacing is deformity from the flower stage, present from the start; cracking appears on a fruit that was smooth yesterday.",Pick ripening fruit before forecast heavy rain. Carl has the forecast on the menu -- that is what it is for.,"Even watering and heavy mulch to buffer the swing. Pick at first blush and ripen indoors in an unsettled week. Crack-resistant varieties exist and differ enormously. Do not over-water a cabbage that is nearly ready, and cut it rather than leaving it.",Pick promptly. Use the cracked ones first and cut the cracks out.,"None, and none needed.",,0,Even watering and mulch; pick before heavy rain; choose crack-resistant varieties.
sunscald,Sunscald,,Sunburn,disorder,Tomato;Pepper;Eggplant;Squash (winter);Melon;Watermelon,manageable,"Fruit exposed to direct sun after the leaves that shaded it are lost -- to disease, to over-pruning, or to a hornworm -- is literally cooked on the sunny side.","A pale white or yellow patch on the sun-facing side of the fruit that turns papery, sunken and thin. Secondary black moulds grow on the dead tissue afterwards.",The affected fruit is spoiled. It is a symptom as much as a problem: the real question is why the canopy went.,Blossom end rot is on the bottom and is dark and leathery. Anthracnose is circular and ringed and can be anywhere.,"After any defoliation event -- a blight outbreak, a hornworm, a hard prune -- look at what is now exposed.","Keep the canopy: control the leaf diseases and do not over-prune. Shade cloth over a plant that has lost its leaves. Do not strip leaves to hurry ripening, which is a common and counterproductive habit.",Shade cloth or a light cover over exposed fruit. Kaolin clay reflects heat and helps on a badly exposed plant.,None. Treat the cause of the defoliation instead.,,0,"Keep the leaves on -- control the leaf disease, do not over-prune; shade cloth or kaolin on exposed fruit."
catfacing,Catfacing,,,disorder,Tomato;Pepper;Strawberry,cosmetic,"Deformity that happens at the flower stage, when cold weather, very hot weather, damage or heavy nitrogen disturb the developing flower. The fruit grows around the injury.","Puckered, scarred, lobed or kidney-shaped fruit with corky brown bands and sometimes holes right through the blossom end. Large beefsteak varieties are far more prone.","Ugly, entirely edible, and no threat to the plant. Cut the scar out and eat the rest.",Blossom end rot is a defined sunken patch on the bottom of an otherwise normal fruit; catfaced fruit is deformed all over.,Nothing to do -- it is decided weeks before the fruit is visible.,"Do not set transplants out into cold weather, which is the most common trigger. Avoid heavy nitrogen at flowering. Choose smaller-fruited varieties where late frosts are common. Avoid herbicide drift, which also causes it.",None needed. Cut out the scar.,None.,,0,Plant out into warm weather and go easy on nitrogen at flowering; the fruit is edible -- cut the scar off.
bolting,Bolting,,Running to seed,disorder,Lettuce;Spinach;Cilantro;Asian greens;Chinese cabbage;Radish;Basil;Broccoli;Onion;Cabbage,manageable,"The plant switching from leaf to flower, triggered by day length, by heat, or by a cold check early in life. It is the plant doing exactly what it evolved to do, at the moment you least want it.","A central stem shooting up fast, leaves becoming small, narrow and bitter, and then flower buds. In coriander it happens in a fortnight in hot weather.",The crop is over. Leaves turn bitter and tough within days and do not come back.,Nothing -- it is unmistakable once you know it. Aster yellows also distorts the top but yellows and twists rather than elongating cleanly.,Watch for the centre of a lettuce or a spinach starting to rise. Harvest that day.,"Sow at the right time for the crop -- most of these are spring and autumn crops and fail in midsummer whatever you do. Choose slow-bolt varieties, which for lettuce and coriander are genuinely different. Shade cloth in hot weather. Keep water even; drought stress brings it on. Do not check transplants with cold, which triggers bolting in brassicas and onions later.",Harvest immediately at the first sign. Let a coriander or a brassica bolt on purpose for the seed and for the beneficial insects that work the flowers -- that is one of the cheapest things a garden can do for its own aphid control.,None.,"The flowers feed hoverflies, parasitic wasps and lacewings, which is a good reason to leave one bolted plant standing.",0,"Right season, slow-bolt varieties, shade and even water; once it starts, pick it all today."
poor_pollination,Poor pollination,,Fruit abortion,disorder,Squash (summer);Squash (winter);Pumpkin;Cucumber;Melon;Watermelon;Sweet corn,manageable,Cucurbits carry separate male and female flowers and need an insect to move pollen between them; sweet corn is wind-pollinated and needs a block of plants rather than a row. Without enough pollen the fruit starts and then aborts.,"Small fruit that yellows at the blossom end, shrivels and drops when a few centimetres long. Misshapen, pinched cucumbers and melons. Corn ears with scattered bare patches where no kernel formed.","No crop from those flowers. Easily and often misdiagnosed as disease, and treated with sprays that make it worse by killing the pollinators.","Blossom end rot blackens the blossom end of a fruit that keeps growing. Pickleworm leaves frass. An aborting unpollinated fruit is clean, small and simply yellows.","Watch the flowers in the morning: are there bees in them? The first male flowers on a squash appear a week or more before the first female, and a run of female flowers with no males open is a common and self-correcting cause.","Plant sweet corn in a block of at least four short rows, never a single long one. Plant flowers that bring pollinators to the garden. Do not spray insecticides on open flowers, morning or otherwise. Avoid excess nitrogen, which delays female flowers.","Hand-pollinate: pick a male flower, strip the petals, and brush the anther against the stigma of a female flower in the morning. It works reliably and takes seconds. Shake sweet corn tassels over the silks on a still morning.","None, and any insecticide applied to open flowers actively causes this problem.",Bees of every kind -- this is the entry where the pollinator warnings on every other entry pay off.,0,Hand-pollinate in the morning; plant corn in a block; keep sprays off open flowers and grow flowers for the bees.
nutrient_deficiency,Nutrient deficiency,,Hunger signs,disorder,,manageable,"Not one problem but several, and the value of naming it is that it is what most pest sprays are wasted on. Which leaves go yellow first is the diagnosis: a mobile nutrient is moved out of old leaves to feed new ones, an immobile one is not.","Nitrogen: uniform pale yellowing of the OLDEST leaves first, whole plant pale and slow. Magnesium: yellowing between the veins of older leaves with the veins staying green. Iron: the same pattern but on the YOUNGEST leaves, and usually a pH problem rather than a shortage. Phosphorus: dull dark green with purple stems and undersides, and stunting, common in cold soil in spring.","Slow growth and a small crop. Rarely fatal, but months of a plant not doing what it should.",This is the one everything else is mistaken for. Spider mites stipple but have webbing; viruses mottle but distort the growing point; root problems wilt in the afternoon. Check the roots and the leaf undersides before feeding.,"Look at which leaves are affected before doing anything: oldest first means a mobile nutrient, youngest first means an immobile one or a pH problem. A soil test once every few years settles what guessing cannot.","A soil test, then compost and a balanced feed according to it. Get the pH into range -- most vegetables want 6.0 to 7.0, and outside that band nutrients that are present become unavailable, which is why iron chlorosis is usually a pH problem. Do not feed cold soil in spring and expect a response.","Compost, well-rotted manure and a balanced organic fertiliser. Foliar feeds give a quick short-lived response and are useful for diagnosis. Warmth solves most spring phosphorus symptoms without any input at all.",Soluble fertilisers work quickly and are easy to overdo; excess nitrogen makes soft growth that aphids and diseases prefer. Follow a soil test rather than a habit.,,0,Read which leaves are affected first; get a soil test and fix the pH; compost and a balanced feed -- not a spray.
herbicide_drift,Herbicide drift and contaminated compost,,Aminopyralid damage,disorder,,fatal,"Growth-regulator herbicides drifting from a neighbouring lawn or field, or -- more insidiously -- surviving through hay, straw, manure and compost. Aminopyralid and clopyralid pass through an animal and through composting intact and can persist for years in a bed.","Fern-like, cupped, twisted or strap-like new growth with parallel veins, on tomatoes, beans and potatoes first, which are the most sensitive. The plant is not spotted or mottled, just contorted. Everything in one part of the garden, or everything grown in one batch of compost.","Plants that never crop, and a bed that can stay affected for one to three years if the source was contaminated compost or manure. This is one of the most expensive mistakes available to a gardener.","Mosaic virus mottles as well as distorting, and moves plant by plant. Aster yellows yellows and produces green flowers. Herbicide damage affects everything in an area at once, in a direction, with no mottling.","If several unrelated plants distort at the same time, look at the pattern on the ground -- a gradient from one edge is drift, a whole bed is the compost.","Test any bought compost, manure or straw before spreading it: sow beans or peas in a pot of it against a pot of known clean mix and compare after three weeks. Ask what the hay or pasture was sprayed with. Do not spray herbicide on a windy day, and never use a sprayer that has held a herbicide for anything else -- there is no way to clean it well enough.","For the contaminated bed: nothing quick. Keep it cropped with grasses and sweet corn, which tolerate these herbicides, keep it moist and biologically active, and wait. Do not spread the material any further.",None. This IS the chemical.,,0,Bean-pot test any bought compost or manure before spreading it; grow corn and grasses on an affected bed and wait it out.
transplant_shock,Transplant shock,,,disorder,,manageable,"A plant moved from a sheltered tray to open ground loses more water through its leaves than damaged roots can replace, and is at the same time meeting full sun and wind for the first time. Both halves are avoidable.","Wilting for several days after planting, leaf edges scorched or bleached white, growth stalled for a fortnight, sometimes leaf drop. Worst on a bright windy day.","A checked plant that yields later and less, and sometimes never really catches up. Cold-checked brassicas and onions go on to bolt.",Cutworms sever the stem. Damping off pinches the stem base. Root maggots kill the roots. Look at the stem and the roots before assuming shock.,Watch new transplants morning and evening for the first week. Wilting at midday that recovers by evening is normal; wilting in the morning is not.,"Harden off over seven to ten days -- Carl records the schedule and counts the days for exactly this reason. Plant in the evening or on a dull day, never at midday in the sun. Water in thoroughly at planting to settle the soil around the roots. Do not tear the root ball apart. Shade for the first two or three days. Do not plant a heat-loving crop into cold soil.",Shade cloth or an upturned pot for the first days. Water in well and then keep the soil evenly moist rather than flooding it. Pinch off any flowers on a checked transplant so it puts its energy into roots.,Root stimulant products are mostly dilute fertiliser and do not fix a hardening failure.,,0,"Harden off properly, plant in the evening, water in, shade for a few days; pinch off early flowers."
frost_damage,Frost and freeze damage,,,disorder,,fatal,Ice forming in plant tissue ruptures the cells. Tender crops are killed at the first touch of frost; hardy ones are unaffected and some are improved by it.,"Leaves water-soaked and limp, then blackened and papery within a day or two. Growing tips killed first. On fruit, sunken glassy patches. Damage is worst in low spots and in the open, and least under a tree or a wall.","Total loss of tender crops -- tomato, pepper, basil, squash, bean. Hardy crops such as kale, leek and parsnip are unharmed and taste better afterwards.","Herbicide drift and disease can also blacken growth, but frost affects everything tender in an area on one night and leaves the hardy plants beside them untouched.","Carl carries the forecast on the menu and the frost reminder is one of the thirteen kinds; the average last and first frost dates for your county are on the Calendar. A clear, still, dry night after a cold day is the dangerous one.","Plant tender crops after the last frost date for your county and get them out before the first. Row cover or an old sheet over the crop on a forecast frost night, held off the leaves and reaching the ground so it traps soil heat -- plastic touching a leaf makes it worse. Water the soil in the afternoon before a frost, which holds heat. Avoid low-lying frost pockets for tender crops.","Cover, harvest, or accept it. Do not cut back frost-damaged perennials until spring, since the dead growth protects the crown.",None.,,0,Cover with fabric down to the ground on a forecast frost; water the soil beforehand; pick everything tender first.
heat_stress,Heat stress,,,disorder,,manageable,"Above about 35C most vegetables stop photosynthesising efficiently, close their pores to save water, and stop growing. What looks like a watering problem is often a temperature problem that no amount of water will fix.","Wilting in the afternoon that recovers by evening even in moist soil. Leaves cupping or rolling upward to reduce the surface facing the sun. Flowers dropping. Lettuce turning bitter, tomatoes not setting.","A pause in growth and cropping through the worst weeks. Rarely fatal to an established plant, and it resumes when the weather breaks.","Wilting that does NOT recover overnight is a root problem or a wilt disease, not heat. Physiological leaf roll is smooth and green; virus leaf curl yellows and stunts.",Carl records the temperatures and the ET0; a run of days above 35C explains most of what looks wrong in July.,"30 to 50 per cent shade cloth over the worst weeks, which is the single most effective intervention. Heavy mulch to keep soil temperature down. Deep, less frequent watering so roots go down. Heat-tolerant varieties for the crops that matter. Plan the calendar around the heat rather than fighting it.","Shade, mulch, deep watering and patience. Do not fertilise a heat-stressed plant, which asks it to grow when it cannot.",Anti-transpirant sprays have limited and inconsistent effect. Shade cloth does more for less.,,0,"Shade cloth, deep mulch and deep watering; do not feed it; wait for the nights to cool."
overwatering,Waterlogging and root rot,,Overwatering,disorder,,fatal,"Roots need air. Soil that stays saturated has none, the roots suffocate and die, and the water moulds move into the dead tissue. It is easily mistaken for underwatering, and treated by watering more.","Yellowing lower leaves and wilting in soil that is plainly wet. Soft brown mushy roots instead of firm white ones. A sour smell from the soil. Algae or moss on the surface, and fungus gnats in a container.","The plant dies, and the diagnosis is usually wrong until it is too late. This is the commonest way a container-grown vegetable is killed.","Drought wilts in dry soil; this wilts in wet soil, which is the whole distinction. Fusarium and Verticillium wilt stain the stem interior; waterlogging does not.","Put a finger in the soil to the second knuckle before watering anything. That is the test, and it is better than any schedule.","Check the soil before watering rather than watering on a timetable. Drainage holes in every container, and never a saucer left standing full. Raised beds or ridges on heavy clay. Add organic matter, which improves drainage in clay and retention in sand. Water deeply and less often.","Stop watering and let the soil dry. Improve drainage. Repot a container plant into fresh mix, trimming off the rotted roots. Carl records the watering and the rainfall -- read them together before deciding a plant is thirsty.","Fungicidal drenches for root rot do not fix drainage, and drainage is the problem.",,0,Feel the soil before watering; fix the drainage; let it dry out; trim rotted roots and repot a container.
tipburn,Tipburn,,,disorder,Lettuce;Cabbage;Chinese cabbage;Asian greens;Spinach;Strawberry,manageable,"The same calcium-transport failure as blossom end rot, in a leaf instead of a fruit. Fast growth in warm weather outruns the plant ability to move calcium to the leaf margins, which are the last place it reaches.","Brown, dry, scorched margins on the youngest inner leaves of a lettuce or a cabbage head -- inner, which is what distinguishes it. Bacterial rots move into the dead tissue afterwards.",The head is unusable if the damage is inside it. Mostly a warm-weather and fast-growth problem.,Salt or fertiliser burn scorches the OLDEST outer leaves. Tipburn is on the youngest inner ones.,"Cut a sample head in warm weather rather than waiting for harvest, since the damage is inside.","Even watering; the swings are what cause it. Avoid heavy nitrogen, which forces the growth that outruns the calcium. Choose tipburn-tolerant varieties. Grow the crop in its proper season and harvest before a heat wave. Shade cloth in warm weather.","Even watering, moderate feeding, right season, prompt harvest.",Calcium sprays are usually ineffective for the same reason as with blossom end rot: the calcium does not reach the tissue that needs it. Even water does more.,,0,"Even watering, moderate nitrogen, tolerant varieties, harvest before the heat."
deer,Deer,Odocoileus spp.,,pest,,fatal,"The largest thing that eats a garden, and the one where every half-measure fails. A deer will clear a bed of beans, lettuce and young fruit trees in a night and come back the next.","Plants browsed off at 60 to 180 cm with a ragged, torn end -- deer have no upper front teeth and tear rather than cut. Cloven hoof prints. Piles of pellet droppings. Rubbed and stripped bark on young trees in autumn.","Whole crops removed overnight, repeatedly, and young trees killed by rubbing. Deer also learn a route and return to it.",Rabbits cut cleanly at a 45-degree angle and only below about 60 cm. A ragged tear above knee height is a deer.,"Look for the tear rather than the missing plant, and look at the height. Tracks in soft ground after rain tell you where they come in.","A fence is the only reliable answer. Two metres, or two shorter fences a metre apart, since deer jump high or wide but not both. Electric fencing baited with peanut butter works well for a garden. Everything else buys time.","Repellents based on putrescent egg solids or capsaicin work for a few weeks and must be rotated and reapplied after rain, because deer habituate to any one of them. Motion-activated sprinklers are genuinely effective on a small garden. Netting or cages over individual beds. A dog.",Repellents only; there is no chemical control and none would be legal or appropriate.,,0,"Fence properly, or accept the loss. Rotate repellents and use motion sprinklers as a stopgap."
rabbit,Rabbits,Sylvilagus spp.,Cottontail,pest,,serious,"Rabbits eat seedlings, beans, lettuce, brassicas and peas, working from the edges of a bed, and gnaw bark from young trees in winter.","Stems cut cleanly at a sharp 45-degree angle, as if with secateurs, below about 60 cm. Round pellet droppings. Bark gnawed off young trunks in a neat band at snow height.","Rows of seedlings removed and young trees girdled and killed. Damage is concentrated near cover -- brush piles, long grass, sheds.",Deer tear rather than cut and reach much higher. Voles gnaw bark at or below ground level with fine parallel tooth marks.,"Look at the cut angle and the height, which settles rabbit against deer immediately.","A metre of chicken wire with 25 mm mesh, buried or pinned 15 cm into the soil at the base and turned outward, is close to complete and permanent control. Hardware cloth cylinders around young tree trunks. Remove brush piles and cut long grass near the beds so there is no cover to run to.",Fencing is the answer and everything else is a delay. Repellents work briefly. Row cover protects seedlings through the vulnerable weeks.,Repellents only.,"Hawks, owls, foxes and snakes -- all of which want the cover kept short too.",0,Chicken wire a metre high with the base turned out into the soil; wire cylinders on young trunks; remove the cover.
vole,Voles,Microtus spp.,Meadow mouse,pest,,serious,"Small rodents that live in runways under mulch, long grass and snow, eating roots, tubers and bark. They are almost never seen, and the damage appears all at once when a plant is lifted or when the snow melts.","Surface runways about 5 cm wide in grass and under mulch, with small round holes. Bark gnawed from trunks at ground level with fine irregular tooth marks running in all directions. Potatoes and root crops hollowed out. Whole plants that pull up with no roots.","Fruit trees girdled and killed over one winter, and root crops destroyed. The damage is often discovered months after it happened.","Mole tunnels are raised ridges and moles eat insects, not roots -- a mole in a garden is usually eating grubs. Rabbit bark damage is a clean band with larger tooth marks.",Pull mulch back in a few places in late autumn and look for runways. Check the base of young trees when the snow goes.,"Keep mulch pulled back 15 to 30 cm from the trunks of trees and shrubs, which is the single most effective measure. Mow and keep grass short around the garden. Hardware cloth cylinders around young trunks, pushed into the soil. Clear weedy cover in autumn before they move in.","Habitat: short grass, mulch off the trunks, no long weedy edges. Snap traps set in the runways under a cover work well in a garden. Encourage owls and hawks with a perch.","Rodenticide baits are available and are hazardous to pets, children and predatory birds; habitat management and traps are the better answer in a garden.","Owls, hawks, foxes, snakes, cats.",0,"Mulch pulled back off trunks, short grass, wire cylinders on young trees; snap traps in the runways."
squirrel_bird,Squirrels and birds,Sciurus spp.; various,,pest,Tomato;Strawberry;Sweet corn;Pepper;Melon;Watermelon;Bean;Lettuce,manageable,"Squirrels take one bite from a tomato and leave it, dig up transplants and strip sweet corn. Birds peck ripening fruit and pull up newly sown seed and seedlings.","A single bite out of each ripening tomato, and the rest left on the ground. Corn husks pulled back and kernels eaten. Neat holes pecked in ripe fruit. Freshly sown rows dug or pulled up.","Ripe fruit lost one at a time, sowings pulled up, and the corn crop taken in the week it was ready. Maddening rather than fatal, and very hard to stop by half measures.",Rats also take fruit but usually at night and gnaw more thoroughly. Slug damage has slime.,Watch what happens the week fruit starts colouring; that is when it starts.,"Netting or a fruit cage is the only thing that reliably works. Bird netting over a strawberry bed, held clear of the fruit on hoops so nothing can reach through and nothing gets tangled in it. Paper bags or mesh sleeves over ripening corn ears. Row cover over newly sown rows until they are up. Pick at first blush and ripen indoors.","Netting, sleeves and early picking. A shallow water source elsewhere in a dry spell genuinely reduces fruit pecking, because much of it is thirst. Reflective tape and scarers work for about a week each and then stop.",None appropriate. Repellents do not last on fruit you intend to eat.,"The same birds eat a great many caterpillars; the goal is to keep them off the fruit, not out of the garden.",0,Net properly and hold it clear of the fruit; sleeve the corn ears; pick at first blush; put out water in a dry spell.
